code_iris,LIBIRIS,GRD_QUART,LIBCOM,population,school_count,schools_per_1000,school_score
751010205,,,,,7.0,,
751010303,,,,,3.0,,
751166411,,,,,2.0,,
751207917,,,,,13.0,,
751156099,,,,,4.0,,
751072705,École Militaire 5,7510727.0,Paris 7e Arrondissement,1542.70553734641,6.0,3.8892710596738578,23.336461944166718
751072804,Gros Caillou 4,7510728.0,Paris 7e Arrondissement,2433.40126186598,5.0,2.0547371608437084,12.328864412786732
751104008,Hôpital Saint-Louis 8,7511040.0,Paris 10e Arrondissement,2890.03429011991,19.0,6.574316458789031,39.44731120445602
751114109,Folie Méricourt 9,7511141.0,Paris 11e Arrondissement,2279.55620285168,15.0,6.580228195837108,39.48278289684507
751145509,Petit Montrouge 9,7511455.0,Paris 14e Arrondissement,1686.0057928509,12.0,7.1174132680226245,42.7060087408887
751156018,Javel 18,7511560.0,Paris 15e Arrondissement,2650.069171998,15.0,5.6602296115504265,33.962593735050376
751166216,Muette 16,7511662.0,Paris 16e Arrondissement,1621.65998999294,9.0,5.549868687356086,33.30040447951407
751187105,Goutte d'Or 5,7511871.0,Paris 18e Arrondissement,1434.82294654041,34.0,23.696303493040375,100.0
751197401,Pont de Flandre 1,7511974.0,Paris 19e Arrondissement,1094.21173665632,0.0,0.0,0.0
751197406,Pont de Flandre 6,7511974.0,Paris 19e Arrondissement,4014.74417494005,33.0,8.219701819604177,49.3199768703383
751197515,Amérique 15,7511975.0,Paris 19e Arrondissement,2008.54847876511,21.0,10.455311495847567,62.73411523487792
751197516,Amérique 16,7511975.0,Paris 19e Arrondissement,1050.21711155165,21.0,19.995865396797253,100.0
751207903,Père Lachaise 3,7512079.0,Paris 20e Arrondissement,2086.05932637836,12.0,5.752473023302452,34.51607402349593
751031101,Les Archives 1,7510311.0,Paris 3e Arrondissement,1862.80753233546,12.0,6.441889348039743,38.652720088804685
751051702,Saint-Victor 2,7510517.0,Paris 5e Arrondissement,1533.66990431506,11.0,7.172338694950541,43.03557310284859
751062309,Notre-Dame des Champs 9,7510623.0,Paris 6e Arrondissement,1918.50579255784,5.0,2.606194893648859,15.637729286942099
751072503,Saint-Thomas d'Aquin 3,7510725.0,Paris 7e Arrondissement,1507.41047774476,3.0,1.9901679365319962,11.941435194613135
751135029,Gare 29,7511350.0,Paris 13e Arrondissement,3232.44218767396,25.0,7.73409037146301,46.406203850838764
751135104,Maison Blanche 4,7511351.0,Paris 13e Arrondissement,2166.68544339542,33.0,15.2306372392873,91.38709564507487
751135206,Croulebarbe 6,7511352.0,Paris 13e Arrondissement,3203.49835099834,11.0,3.4337461096466475,20.603214377251216
751145512,Petit Montrouge 12,7511455.0,Paris 14e Arrondissement,1864.97589261722,25.0,13.40499901310583,80.43287406076787
751187008,Clignancourt 8,7511870.0,Paris 18e Arrondissement,1447.09140255822,21.0,14.511868402282985,87.07432819995606
751187017,Clignancourt 17,7511870.0,Paris 18e Arrondissement,3075.49050036901,33.0,10.729995750609707,64.38227977768456
751187204,Chapelle 4,7511872.0,Paris 18e Arrondissement,1730.18565857399,21.0,12.137425770427487,72.82716227433154
751197304,Villette 4,7511973.0,Paris 19e Arrondissement,2126.25974788144,22.0,10.346807355931151,62.08306708392792
751197307,Villette 7,7511973.0,Paris 19e Arrondissement,2614.13826302235,32.0,12.241127584048682,73.44939543575974
751207712,Belleville 12,7512077.0,Paris 20e Arrondissement,2303.73109976204,39.0,16.9290591267481,100.0
751207808,Saint-Fargeau 8,7512078.0,Paris 20e Arrondissement,3424.68616129676,17.0,4.963958505781136,29.784817510841798
751135099,,,,,3.0,,
751124701,Bercy 1,7511247.0,Paris 12e Arrondissement,2915.01768247193,8.0,2.744408738274278,16.46704204909464
751155717,Saint-Lambert 17,7511557.0,Paris 15e Arrondissement,2287.79236619247,13.0,5.682333848169821,34.095223903726925
751155719,Saint-Lambert 19,7511557.0,Paris 15e Arrondissement,1810.74807996337,20.0,11.045158750302022,66.27332548668328
751156020,Javel 20,7511560.0,Paris 15e Arrondissement,2846.55130443895,16.0,5.620836685799194,33.72622771721357
751166112,Auteuil 12,7511661.0,Paris 16e Arrondissement,1811.37491810644,14.0,7.728935550590047,46.375273818119226
751166305,Porte Dauphine 5,7511663.0,Paris 16e Arrondissement,1517.92740449091,4.0,2.6351721354826845,15.811598963528409
751186923,Grandes Carrières 23,7511869.0,Paris 18e Arrondissement,3314.53091752454,30.0,9.051054507105192,54.3082716063897
751187020,Clignancourt 20,7511870.0,Paris 18e Arrondissement,2024.23251093786,25.0,12.350359884506098,74.10481270639659
751207804,Saint-Fargeau 4,7512078.0,Paris 20e Arrondissement,1715.88960334737,14.0,8.159033059404694,48.955951274828955
751197412,,,,,0.0,,
751072505,Saint-Thomas d'Aquin 5,7510725.0,Paris 7e Arrondissement,1246.5862849365,1.0,0.8021907605464623,4.81331690906226
751135005,Gare 5,7511350.0,Paris 13e Arrondissement,2426.61814410223,31.0,12.774980717647686,76.65262893243766
751155728,Saint-Lambert 28,7511557.0,Paris 15e Arrondissement,1711.94200933229,14.0,8.177847102110912,49.06883957314839
751166204,Muette 4,7511662.0,Paris 16e Arrondissement,2075.21497279705,9.0,4.336900088895115,26.02233228985616
751187007,Clignancourt 7,7511870.0,Paris 18e Arrondissement,1708.03761168245,18.0,10.538409621009254,63.232721838972495
751155819,,,,,9.0,,
751155999,,,,,10.0,,
751051906,Val de Grâce 6,7510519.0,Paris 5e Arrondissement,1886.08567137938,11.0,5.8321847023816265,34.994361223538185
751145617,Plaisance 17,7511456.0,Paris 14e Arrondissement,1874.58490767967,20.0,10.669028603647336,64.01646379749131
751155912,Grenelle 12,7511559.0,Paris 15e Arrondissement,2882.53067124294,23.0,7.97909983385622,47.876313263984
751166117,Auteuil 17,7511661.0,Paris 16e Arrondissement,2291.69587969556,7.0,3.0545065172128836,18.327695345339368
751186922,Grandes Carrières 22,7511869.0,Paris 18e Arrondissement,2301.47685945713,28.0,12.166101034187504,72.99922001759685
751093304,Saint-Georges 4,7510933.0,Paris 9e Arrondissement,2064.16815646057,12.0,5.813479857462971,34.882128135404606
751093607,Rochechouart 7,7510936.0,Paris 9e Arrondissement,1968.63980341863,11.0,5.587614342094483,33.52688651736775
751093608,Rochechouart 8,7510936.0,Paris 9e Arrondissement,2422.57197363131,20.0,8.25568867207732,49.53590571673253
751124704,Bercy 4,7511247.0,Paris 12e Arrondissement,1926.48147433788,6.0,3.1144862174509953,18.687586433040156
751124804,Quinze-Vingts 4,7511248.0,Paris 12e Arrondissement,2019.71014356095,4.0,1.9804822057028448,11.88331872871814
751135025,Gare 25,7511350.0,Paris 13e Arrondissement,1924.12962008092,34.0,17.670327219727596,100.0
751155907,Grenelle 7,7511559.0,Paris 15e Arrondissement,2253.71230142908,15.0,6.655685373190043,39.93554217247618
751166211,Muette 11,7511662.0,Paris 16e Arrondissement,2040.09453501455,12.0,5.882080361493844,35.293745897988984
751187018,Clignancourt 18,7511870.0,Paris 18e Arrondissement,1902.66234763138,23.0,12.088324567221633,72.53254450600292
751187021,Clignancourt 21,7511870.0,Paris 18e Arrondissement,3048.04620003431,24.0,7.8738963995131845,47.245070055610725
751103801,Porte Saint-Denis 1,7511038.0,Paris 10e Arrondissement,1480.1114458341,19.0,12.836871205527881,77.023985156512
751114113,Folie Méricourt 13,7511141.0,Paris 11e Arrondissement,1010.91162334165,24.0,23.74094772069794,100.0
751155815,Necker 15,7511558.0,Paris 15e Arrondissement,2038.62130343728,7.0,3.433693147519569,20.602896593110156
751166221,Muette 21,7511662.0,Paris 16e Arrondissement,1540.77424021518,5.0,3.2451217508034884,19.471427699401268
751176507,Ternes 7,7511765.0,Paris 17e Arrondissement,2102.85069645527,13.0,6.182084168844616,37.09383319607859
751186916,Grandes Carrières 16,7511869.0,Paris 18e Arrondissement,2330.24561116104,28.0,12.015900755649985,72.09798607675964
751197308,Villette 8,7511973.0,Paris 19e Arrondissement,2681.72187558814,23.0,8.576579178240014,51.461317695073284
751197505,Amérique 5,7511975.0,Paris 19e Arrondissement,1680.01831492939,37.0,22.023569428500597,100.0
751197506,Amérique 6,7511975.0,Paris 19e Arrondissement,1702.6138032408,42.0,24.667954600189482,100.0
751208001,Charonne 1,7512080.0,Paris 20e Arrondissement,1885.6056332254,13.0,6.89433663695786,41.36750102784894
751093301,Saint-Georges 1,7510933.0,Paris 9e Arrondissement,1339.97815816057,18.0,13.433054778078743,80.60121467821503
751104005,Hôpital Saint-Louis 5,7511040.0,Paris 10e Arrondissement,1167.67939243135,24.0,20.553587016746985,100.0
751145516,Petit Montrouge 16,7511455.0,Paris 14e Arrondissement,1980.94686657868,13.0,6.5625182680707,39.37651952537685
751155710,Saint-Lambert 10,7511557.0,Paris 15e Arrondissement,3684.32655160932,16.0,4.342720379389599,26.05725528327691
751176513,Ternes 13,7511765.0,Paris 17e Arrondissement,1700.9194276408,10.0,5.879173250357981,35.27630260659874
751207901,Père Lachaise 1,7512079.0,Paris 20e Arrondissement,3263.84744256712,16.0,4.902189909775774,29.41419266420418
751166412,,,,,3.0,,
751051901,Val de Grâce 1,7510519.0,Paris 5e Arrondissement,2559.80719803424,7.0,2.73458095022763,16.40807320937454
751083002,Faubourg du Roule 2,7510830.0,Paris 8e Arrondissement,2716.39460453651,1.0,0.3681350266010512,2.2088892511674527
751124615,Picpus 15,7511246.0,Paris 12e Arrondissement,3002.16392261106,15.0,4.996396061862641,29.979449816341557
751134901,Salpêtrière 1,7511349.0,Paris 13e Arrondissement,2169.12813427706,14.0,6.454206083434534,38.72662314734877
751145310,Montparnasse 10,7511453.0,Paris 14e Arrondissement,1620.3270131998,4.0,2.4686374833070603,14.812355271522176
751155705,Saint-Lambert 5,7511557.0,Paris 15e Arrondissement,3913.22686156736,12.0,3.066522955225155,18.399796555071283
751155904,Grenelle 4,7511559.0,Paris 15e Arrondissement,1899.44568262642,11.0,5.791163232838526,34.74822359306749
751156003,Javel 3,7511560.0,Paris 15e Arrondissement,2400.67191572721,26.0,10.830301229280677,64.9841341997296
751166309,Porte Dauphine 9,7511663.0,Paris 16e Arrondissement,1617.33289380594,3.0,1.8549056978247316,11.12983270210402
751197310,Villette 10,7511973.0,Paris 19e Arrondissement,4014.57104361241,28.0,6.974593224486796,41.84905779566001
751197601,Combat 1,7511976.0,Paris 19e Arrondissement,2175.85099006491,29.0,13.328118576325334,79.97157492279278
751166222,,,,,4.0,,
751041499,,,,,10.0,,
751052099,,,,,4.0,,
751072605,,,,,1.0,,
751166277,,,,,0.0,,
751124513,Bel-Air 13,7511245.0,Paris 12e Arrondissement,2114.11123066307,9.0,4.257108079018738,25.543563087772103
751124616,Picpus 16,7511246.0,Paris 12e Arrondissement,4604.69324002046,20.0,4.343394653562446,26.061301073177678
751124617,Picpus 17,7511246.0,Paris 12e Arrondissement,2218.02464017151,24.0,10.820438855965184,64.924957840966
751145603,Plaisance 3,7511456.0,Paris 14e Arrondissement,2031.28425160707,15.0,7.384490864896238,44.30853170212021
751145612,Plaisance 12,7511456.0,Paris 14e Arrondissement,1674.90012313101,21.0,12.538061052108112,75.23106003845767
751166124,Auteuil 24,7511661.0,Paris 16e Arrondissement,1411.12617902661,9.0,6.3778846525320425,38.26867816474072
751166214,Muette 14,7511662.0,Paris 16e Arrondissement,1854.16716444708,5.0,2.6966284895305113,16.180350291337536
751166304,Porte Dauphine 4,7511663.0,Paris 16e Arrondissement,2957.71910886526,5.0,1.6904918337286832,10.143314194213602
751176704,Batignolles 4,7511767.0,Paris 17e Arrondissement,2265.25466109258,16.0,7.0632235195502755,42.38085860771825
751186907,Grandes Carrières 7,7511869.0,Paris 18e Arrondissement,3109.75893614545,20.0,6.431366678469947,38.58958181065464
751197303,Villette 3,7511973.0,Paris 19e Arrondissement,3388.51656503888,27.0,7.9680885372004076,47.81024311833932
751207815,Saint-Fargeau 15,7512078.0,Paris 20e Arrondissement,2648.85668178928,29.0,10.948119692308437,65.69107029047306
751207915,Père Lachaise 15,7512079.0,Paris 20e Arrondissement,2575.56992564593,21.0,8.15353518104673,48.922962823495595
751072704,École Militaire 4,7510727.0,Paris 7e Arrondissement,1318.36971683044,5.0,3.79256284194752,22.756191860639003
751103701,Saint-Vincent de Paul 1,7511037.0,Paris 10e Arrondissement,1759.10267364358,20.0,11.369433006758248,68.2190406937633
751114211,Saint-Ambroise 11,7511142.0,Paris 11e Arrondissement,1790.28029611546,12.0,6.70286101346115,40.21860614950089
751124809,Quinze-Vingts 9,7511248.0,Paris 12e Arrondissement,2148.97902688635,17.0,7.910733323736181,47.4660995151368
751135117,Maison Blanche 17,7511351.0,Paris 13e Arrondissement,1658.02629471222,23.0,13.871915103730041,83.23447091858233
751145405,Parc de Montsouris 5,7511454.0,Paris 14e Arrondissement,2678.91487555958,10.0,3.7328547059231094,22.397930216564333
751155727,Saint-Lambert 27,7511557.0,Paris 15e Arrondissement,2571.66500678168,11.0,4.27738448475682,25.665225878462483
751187010,Clignancourt 10,7511870.0,Paris 18e Arrondissement,1523.71658686248,26.0,17.06354070315478,100.0
751187023,Clignancourt 23,7511870.0,Paris 18e Arrondissement,2049.10087614385,28.0,13.664529807186689,81.99011458385839
751197315,Villette 15,7511973.0,Paris 19e Arrondissement,2103.51705871927,35.0,16.638800172749637,99.8363757810512
751197407,Pont de Flandre 7,7511974.0,Paris 19e Arrondissement,1909.73531344677,32.0,16.756248771587654,100.0
751010302,,,,,7.0,,
751072508,,,,,1.0,,
751083202,Europe 2,7510832.0,Paris 8e Arrondissement,1624.22861657067,4.0,2.462707502620805,14.776774113384528
751135026,Gare 26,7511350.0,Paris 13e Arrondissement,1385.04832893801,30.0,21.659894007455026,100.0
751135027,Gare 27,7511350.0,Paris 13e Arrondissement,2596.7851964553,28.0,10.78256300837703,64.69769461804265
751155722,Saint-Lambert 22,7511557.0,Paris 15e Arrondissement,2841.55279856171,15.0,5.2788039017231885,31.673957529103713
751155805,Necker 5,7511558.0,Paris 15e Arrondissement,1936.59491629026,18.0,9.294664490021892,55.76998384200627
751166203,Muette 3,7511662.0,Paris 16e Arrondissement,2047.94265483879,12.0,5.859539070416313,35.15849330866514
751208020,Charonne 20,7512080.0,Paris 20e Arrondissement,2117.29798234459,22.0,10.390601693030614,62.34584251547044
751186929,,,,,19.0,,
751020805,Bonne Nouvelle 5,7510208.0,Paris 2e Arrondissement,1775.00083607788,6.0,3.3802800979282153,20.282406820094685
751114317,Roquette 17,7511143.0,Paris 11e Arrondissement,2056.17653321052,27.0,13.131168245482366,78.78983062415978
751124620,Picpus 20,7511246.0,Paris 12e Arrondissement,1551.05484247289,18.0,11.60500551437762,69.63252635079343
751155901,Grenelle 1,7511559.0,Paris 15e Arrondissement,1940.72696954892,12.0,6.183249982242036,37.100828326930994
751187022,Clignancourt 22,7511870.0,Paris 18e Arrondissement,2519.00813322711,24.0,9.527559551486448,57.167404246874554
751187206,Chapelle 6,7511872.0,Paris 18e Arrondissement,2135.45937148158,17.0,7.960816406544608,47.76660877203169
751020602,,,,,4.0,,
751166177,,,,,0.0,,
751062305,Notre-Dame des Champs 5,7510623.0,Paris 6e Arrondissement,2592.70408957924,7.0,2.699883888845951,16.199883386632827
751083206,Europe 6,7510832.0,Paris 8e Arrondissement,2480.69750187838,13.0,5.2404616000767605,31.443895481615908
751114205,Saint-Ambroise 5,7511142.0,Paris 11e Arrondissement,1650.51672622704,18.0,10.905675606903225,65.43639665918938
751135024,Gare 24,7511350.0,Paris 13e Arrondissement,2237.17689537519,22.0,9.833822280875314,59.005046421883875
751135030,Gare 30,7511350.0,Paris 13e Arrondissement,1556.36251986956,27.0,17.34814328622029,100.0
751135121,Maison Blanche 21,7511351.0,Paris 13e Arrondissement,1158.0418878143,24.0,20.724638937972998,100.0
751145303,Montparnasse 3,7511453.0,Paris 14e Arrondissement,1876.75190296262,8.0,4.262683835498602,25.577018824568498
751155814,Necker 14,7511558.0,Paris 15e Arrondissement,1522.92646419945,10.0,6.56630522554919,39.39924208385246
751166218,Muette 18,7511662.0,Paris 16e Arrondissement,2056.67566973488,3.0,1.4586646033434727,8.752301005238365
751166407,Chaillot 7,7511664.0,Paris 16e Arrondissement,2547.37542554894,6.0,2.3553654242805795,14.132698581553507
751187110,Goutte d'Or 10,7511871.0,Paris 18e Arrondissement,5805.42792853764,14.0,2.411536267840041,14.469735710872811
751207806,Saint-Fargeau 6,7512078.0,Paris 20e Arrondissement,3650.03869222683,11.0,3.013666683431533,18.08264756846251
751207912,Père Lachaise 12,7512079.0,Paris 20e Arrondissement,2776.6624803386,24.0,8.643470414550825,51.86267948411156
751208025,Charonne 25,7512080.0,Paris 20e Arrondissement,2525.51172673178,21.0,8.31514650188369,49.892665469722196
751010103,,,,,2.0,,
751166499,,,,,1.0,,
751031201,Sainte-Avoye 1,7510312.0,Paris 3e Arrondissement,1572.14217067369,12.0,7.632897471898354,45.79902471277465
751114305,Roquette 5,7511143.0,Paris 11e Arrondissement,3068.38459585526,23.0,7.4958008950599435,44.97641579738232
751135003,Gare 3,7511350.0,Paris 13e Arrondissement,3219.10521129279,37.0,11.493877202336245,68.96573260330634
751135207,Croulebarbe 7,7511352.0,Paris 13e Arrondissement,2579.9431700291,11.0,4.263659807621238,25.582874866985968
751166402,Chaillot 2,7511664.0,Paris 16e Arrondissement,1764.64645983601,1.0,0.5666857485396427,3.4002362402084576
751176605,Plaine Monceau 5,7511766.0,Paris 17e Arrondissement,1724.12973937879,10.0,5.800027556860678,34.80141144164626
751176710,Batignolles 10,7511767.0,Paris 17e Arrondissement,3292.07404601628,14.0,4.25263824698637,25.516743135261798
751186924,Grandes Carrières 24,7511869.0,Paris 18e Arrondissement,2951.9316110893,17.0,5.758941005319153,34.55488330520255
751030905,Arts et Métiers 5,7510309.0,Paris 3e Arrondissement,1488.98268485144,7.0,4.701196374690153,28.208188271457523
751124612,Picpus 12,7511246.0,Paris 12e Arrondissement,2318.02602723863,11.0,4.745416949913998,28.47352122332099
751145514,Petit Montrouge 14,7511455.0,Paris 14e Arrondissement,1465.54866973232,15.0,10.23507462412676,61.412646688006845
751155913,Grenelle 13,7511559.0,Paris 15e Arrondissement,2276.94685267167,11.0,4.8310306352091965,28.987221728669365
751166202,Muette 2,7511662.0,Paris 16e Arrondissement,1720.59401826469,13.0,7.555530161095868,45.33480422606573
751166307,Porte Dauphine 7,7511663.0,Paris 16e Arrondissement,2160.57442928172,10.0,4.628398755660774,27.7713869171576
751197603,Combat 3,7511976.0,Paris 19e Arrondissement,2510.17827407655,36.0,14.34161086158064,86.05274637694964
751207710,Belleville 10,7512077.0,Paris 20e Arrondissement,1939.89379424246,36.0,18.55771697752052,100.0
751020502,,,,,4.0,,
751083209,,,,,3.0,,
751155920,,,,,14.0,,
751197388,,,,,27.0,,
751093609,Rochechouart 9,7510936.0,Paris 9e Arrondissement,1884.72190564591,20.0,10.611645113312264,63.6721505269886
751114308,Roquette 8,7511143.0,Paris 11e Arrondissement,1615.02010743644,17.0,10.526184733999694,63.15936989047285
751114312,Roquette 12,7511143.0,Paris 11e Arrondissement,1528.35290312254,10.0,6.542991464582065,39.25935450923062
751155706,Saint-Lambert 6,7511557.0,Paris 15e Arrondissement,2319.56711606649,4.0,1.724459694351582,10.347128655738306
751155817,Necker 17,7511558.0,Paris 15e Arrondissement,1953.81223499567,7.0,3.5827393618586454,21.49720590081309
751176809,Épinettes 9,7511768.0,Paris 17e Arrondissement,2092.91037006677,27.0,12.90069579001542,77.40694637575925
751208015,Charonne 15,7512080.0,Paris 20e Arrondissement,2731.16744041966,28.0,10.25202614296604,61.51435944297277
751010402,,,,,3.0,,
751083105,,,,,2.0,,
751062203,Odéon 3,7510622.0,Paris 6e Arrondissement,1839.66238301305,6.0,3.2614680038046076,19.569508729300562
751093603,Rochechouart 3,7510936.0,Paris 9e Arrondissement,1449.46356758518,17.0,11.728476920825377,70.37338131655724
751124604,Picpus 4,7511246.0,Paris 12e Arrondissement,2137.70082835996,11.0,5.1457153658115855,30.875397720375332
751145624,Plaisance 24,7511456.0,Paris 14e Arrondissement,2077.6313493002,8.0,3.8505387410016736,23.1040597107316
751155711,Saint-Lambert 11,7511557.0,Paris 15e Arrondissement,1616.98546572203,14.0,8.658086480541494,51.950379020228056
751166206,Muette 6,7511662.0,Paris 16e Arrondissement,1721.73996729531,9.0,5.227270186530052,31.364744166241053
751187027,Clignancourt 27,7511870.0,Paris 18e Arrondissement,2151.27833932719,8.0,3.7187191697853432,22.313113962804167
751166199,,,,,4.0,,
751010401,Place Vendôme 1,7510104.0,Paris 1er Arrondissement,946.223343686402,3.0,3.170498825691899,19.02367411645222
751051905,Val de Grâce 5,7510519.0,Paris 5e Arrondissement,2165.16647358313,10.0,4.6185825071690765,27.7124873172464
751062301,Notre-Dame des Champs 1,7510623.0,Paris 6e Arrondissement,1219.01285241317,3.0,2.461007686720587,14.766574852788159
751062306,Notre-Dame des Champs 6,7510623.0,Paris 6e Arrondissement,2097.72500617779,2.0,0.9534138145419488,5.720687722384351
751082901,Champs Élysées 1,7510829.0,Paris 8e Arrondissement,609.744454080836,1.0,1.6400313169021894,9.840540252120917
751114105,Folie Méricourt 5,7511141.0,Paris 11e Arrondissement,1648.49978829577,12.0,7.279345793793325,43.67763868572665
751124614,Picpus 14,7511246.0,Paris 12e Arrondissement,3513.99365044028,13.0,3.6994944479683927,22.19776150158844
751135008,Gare 8,7511350.0,Paris 13e Arrondissement,1101.46888511616,41.0,37.22302150702712,100.0
751145620,Plaisance 20,7511456.0,Paris 14e Arrondissement,2143.03204712985,21.0,9.799200169743226,58.79730631674233
751155725,Saint-Lambert 25,7511557.0,Paris 15e Arrondissement,2340.61888896326,15.0,6.408561458138114,38.4527455891014
751176816,Épinettes 16,7511768.0,Paris 17e Arrondissement,2434.52838608191,20.0,8.215143480905422,49.292625858814546
751187026,Clignancourt 26,7511870.0,Paris 18e Arrondissement,2285.86157473108,17.0,7.437020766229015,44.62372239584522
751187102,Goutte d'Or 2,7511871.0,Paris 18e Arrondissement,2853.88473147205,18.0,6.307192368878717,37.84450927501556
751207810,Saint-Fargeau 10,7512078.0,Paris 20e Arrondissement,1660.854334332,17.0,10.235695959957527,61.416374836481644
751134908,,,,,6.0,,
751166223,,,,,0.0,,
751031202,Sainte-Avoye 2,7510312.0,Paris 3e Arrondissement,1625.17388095865,15.0,9.2297816102926,55.38067262394023
751135124,Maison Blanche 24,7511351.0,Paris 13e Arrondissement,2763.09726033502,19.0,6.876341369791771,41.25952555867921
751186920,Grandes Carrières 20,7511869.0,Paris 18e Arrondissement,1915.71680320521,28.0,14.615939032926393,87.69877434275561
751197411,Pont de Flandre 11,7511974.0,Paris 19e Arrondissement,2435.75448894278,13.0,5.337155308145423,32.02407850408026
751072501,Saint-Thomas d'Aquin 1,7510725.0,Paris 7e Arrondissement,1545.0058682002,4.0,2.5889869302953903,15.534477809795503
751083207,Europe 7,7510832.0,Paris 8e Arrondissement,1814.15022706802,12.0,6.614667198423843,39.68942431137476
751124610,Picpus 10,7511246.0,Paris 12e Arrondissement,2009.14866853842,13.0,6.470402217401369,38.82380343079021
751145309,Montparnasse 9,7511453.0,Paris 14e Arrondissement,1478.8657593264,6.0,4.057163378191206,24.34385192590961
751145601,Plaisance 1,7511456.0,Paris 14e Arrondissement,2011.67235438397,4.0,1.9883953722796528,11.930799428274476
751155808,Necker 8,7511558.0,Paris 15e Arrondissement,1817.89392664676,12.0,6.601045211771453,39.60768946485982
751093408,,,,,4.0,,
751072899,,,,,4.0,,
751124813,,,,,21.0,,
751104088,,,,,30.0,,
751104004,Hôpital Saint-Louis 4,7511040.0,Paris 10e Arrondissement,987.320991410831,18.0,18.231152944777286,100.0
751114213,Saint-Ambroise 13,7511142.0,Paris 11e Arrondissement,1577.19626319316,21.0,13.314766519598404,79.89145971382341
751134904,Salpêtrière 4,7511349.0,Paris 13e Arrondissement,1815.66025484008,16.0,8.8122213158261,52.87522114686328
751145511,Petit Montrouge 11,7511455.0,Paris 14e Arrondissement,1740.29213110461,17.0,9.76847489921686,58.61294809244749
751155704,Saint-Lambert 4,7511557.0,Paris 15e Arrondissement,2008.42285977146,13.0,6.472740507185464,38.83783367186206
751156016,Javel 16,7511560.0,Paris 15e Arrondissement,1964.10961508663,10.0,5.091365534381814,30.5492870550675
751186917,Grandes Carrières 17,7511869.0,Paris 18e Arrondissement,1706.38979827857,29.0,16.99494454857595,100.0
751197408,Pont de Flandre 8,7511974.0,Paris 19e Arrondissement,1963.6427980609,22.0,11.203666991636682,67.2244089892184
751197518,Amérique 18,7511975.0,Paris 19e Arrondissement,2655.31664213003,13.0,4.895837955345213,29.37607957294222
751041603,,,,,3.0,,
751114204,Saint-Ambroise 4,7511142.0,Paris 11e Arrondissement,2149.01320548226,25.0,11.633246336608597,69.80197735154741
751197613,Combat 13,7511976.0,Paris 19e Arrondissement,2260.08875001044,20.0,8.849210014388866,53.09716128503577
751207701,Belleville 1,7512077.0,Paris 20e Arrondissement,2059.01547486262,33.0,16.02707721378432,96.16590660231921
751124899,,,,,5.0,,
751176516,,,,,4.0,,
751041588,,,,,4.0,,
751020701,Mail 1,7510207.0,Paris 2e Arrondissement,1537.92013733396,9.0,5.852059402513465,35.1136136942871
751124618,Picpus 18,7511246.0,Paris 12e Arrondissement,2121.04835609482,16.0,7.5434395232075175,45.26225780113595
751145503,Petit Montrouge 3,7511455.0,Paris 14e Arrondissement,2327.54556562605,0.0,0.0,0.0
751187104,Goutte d'Or 4,7511871.0,Paris 18e Arrondissement,1841.95575513623,34.0,18.458640988086806,100.0
751208009,Charonne 9,7512080.0,Paris 20e Arrondissement,1151.04363524066,14.0,12.162875125991972,72.979863875357
751124506,Bel-Air 6,7511245.0,Paris 12e Arrondissement,2022.03647761125,10.0,4.945509198634035,29.674117704238277
751197306,Villette 6,7511973.0,Paris 19e Arrondissement,2299.18959739237,19.0,8.26378129996277,49.58446322269689
751197405,Pont de Flandre 5,7511974.0,Paris 19e Arrondissement,1908.25320145041,18.0,9.43271049477014,56.598289528836396
751197609,Combat 9,7511976.0,Paris 19e Arrondissement,2607.13468033464,29.0,11.123322557420657,66.74232512241146
751010203,Les Halles 3,7510102.0,Paris 1er Arrondissement,2048.71342362,5.0,2.4405560789293737,14.643860812137904
751052002,Sorbonne 2,7510520.0,Paris 5e Arrondissement,1421.47868631665,11.0,7.73842063612175,46.43218636912211
751124504,Bel-Air 4,7511245.0,Paris 12e Arrondissement,2286.07970278206,8.0,3.4994405445550947,20.997395100749845
751135014,Gare 14,7511350.0,Paris 13e Arrondissement,2464.63549973685,20.0,8.114790200066262,48.69048461349036
751135201,Croulebarbe 1,7511352.0,Paris 13e Arrondissement,3146.67231436479,14.0,4.449144556962278,26.695823213297277
751166116,Auteuil 16,7511661.0,Paris 16e Arrondissement,1791.6513941754,9.0,5.023298633461122,30.140871025785575
751176502,Ternes 2,7511765.0,Paris 17e Arrondissement,2381.46597809787,9.0,3.779184789021635,22.67592066889076
751176503,Ternes 3,7511765.0,Paris 17e Arrondissement,1683.9258686136,13.0,7.720054809005983,46.32198746064177
751176509,Ternes 9,7511765.0,Paris 17e Arrondissement,1693.43565505921,17.0,10.038763474249398,60.234737612491585
751208011,Charonne 11,7512080.0,Paris 20e Arrondissement,1379.59779495014,31.0,22.470317155820307,100.0
751145311,,,,,10.0,,
751166413,,,,,4.0,,
751124511,Bel-Air 11,7511245.0,Paris 12e Arrondissement,1955.77144724871,8.0,4.090457507831007,24.54362385678874
751135007,Gare 7,7511350.0,Paris 13e Arrondissement,3340.45612795215,40.0,11.974412615477695,71.84904832225246
751155723,Saint-Lambert 23,7511557.0,Paris 15e Arrondissement,2303.57110987624,12.0,5.209303046279611,31.256937464608107
751197502,Amérique 2,7511975.0,Paris 19e Arrondissement,2184.79331790146,24.0,10.985020781303243,65.9124847524154
751207713,Belleville 13,7512077.0,Paris 20e Arrondissement,2368.85196741812,36.0,15.197234987730129,91.18667495946218
751083108,,,,,4.0,,
751083205,Europe 5,7510832.0,Paris 8e Arrondissement,2896.75565872385,8.0,2.7617103209610563,16.570855262354637
751114301,Roquette 1,7511143.0,Paris 11e Arrondissement,1757.09175281214,10.0,5.691222432747457,34.14855732085083
751124806,Quinze-Vingts 6,7511248.0,Paris 12e Arrondissement,1806.19360863133,12.0,6.643806036437686,39.86426359975913
751124810,Quinze-Vingts 10,7511248.0,Paris 12e Arrondissement,2581.51116799904,18.0,6.972660131450066,41.83745882212641
751145302,Montparnasse 2,7511453.0,Paris 14e Arrondissement,1780.25419292377,5.0,2.8085876836432755,16.8521295097629
751155911,Grenelle 11,7511559.0,Paris 15e Arrondissement,2280.74464783756,11.0,4.822986216554062,28.938953488444362
751156014,Javel 14,7511560.0,Paris 15e Arrondissement,2555.46017247368,7.0,2.7392326733951853,16.43598454777417
751156015,Javel 15,7511560.0,Paris 15e Arrondissement,1564.3911515392,11.0,7.031489528163804,42.19044784154527
751166205,Muette 5,7511662.0,Paris 16e Arrondissement,1791.0289175342,9.0,5.025044493637073,30.151346561928673
751176510,Ternes 10,7511765.0,Paris 17e Arrondissement,2589.16078234584,7.0,2.7035787223912133,16.22205318171681
751176607,Plaine Monceau 7,7511766.0,Paris 17e Arrondissement,1651.63201875593,6.0,3.6327704548374045,21.797403207560276
751020601,Vivienne 1,7510206.0,Paris 2e Arrondissement,1719.86313144575,8.0,4.651532935225518,27.91019696478319
751145622,Plaisance 22,7511456.0,Paris 14e Arrondissement,1473.77031822834,19.0,12.892103854310502,77.35539291560484
751082905,,,,,1.0,,
751166410,,,,,3.0,,
751166128,Auteuil 28,7511661.0,Paris 16e Arrondissement,2175.20235664546,7.0,3.2180914012962067,19.30923979505214
751197508,Amérique 8,7511975.0,Paris 19e Arrondissement,2100.51957807508,33.0,15.710398676807982,94.26576734401245
751041402,Saint-Gervais 2,7510414.0,Paris 4e Arrondissement,1951.37637175381,13.0,6.661964441188852,39.97321792948843
751114316,Roquette 16,7511143.0,Paris 11e Arrondissement,1604.58567188899,21.0,13.087490663728701,78.52775574977622
751135112,Maison Blanche 12,7511351.0,Paris 13e Arrondissement,2822.15262029006,22.0,7.7954678431738555,46.77448186767862
751166220,Muette 20,7511662.0,Paris 16e Arrondissement,2141.74974163924,5.0,2.334539793698366,14.007740323800741
751176608,Plaine Monceau 8,7511766.0,Paris 17e Arrondissement,1566.06369432651,13.0,8.301067221656453,49.808186763511436
751031204,Sainte-Avoye 4,7510312.0,Paris 3e Arrondissement,1841.36294070079,10.0,5.43075988929927,32.58572610137568
751104006,Hôpital Saint-Louis 6,7511040.0,Paris 10e Arrondissement,1996.28204658928,27.0,13.525142925635421,81.15376334813094
751114102,Folie Méricourt 2,7511141.0,Paris 11e Arrondissement,1965.78075254812,21.0,10.68277831735762,64.09896503379501
751114309,Roquette 9,7511143.0,Paris 11e Arrondissement,1414.31581324183,17.0,12.019946210622773,72.12225967573764
751124623,Picpus 23,7511246.0,Paris 12e Arrondissement,2147.92965927364,18.0,8.380162694008803,50.2827765908045
751124702,Bercy 2,7511247.0,Paris 12e Arrondissement,2632.77291702273,12.0,4.557932027639587,27.348571409684514
751124802,Quinze-Vingts 2,7511248.0,Paris 12e Arrondissement,1753.36986011051,15.0,8.554954856503917,51.331567118803314
751135013,Gare 13,7511350.0,Paris 13e Arrondissement,1902.01807352746,17.0,8.937875110972001,53.62917091368883
751145621,Plaisance 21,7511456.0,Paris 14e Arrondissement,1796.32444138036,23.0,12.803923094385988,76.82628941096029
751155713,Saint-Lambert 13,7511557.0,Paris 15e Arrondissement,1521.89538343256,14.0,9.199055436007493,55.19630897689879
751155731,Saint-Lambert 31,7511557.0,Paris 15e Arrondissement,2382.50930099525,11.0,4.616980926540329,27.702877489384104
751176508,Ternes 8,7511765.0,Paris 17e Arrondissement,2923.77324170258,17.0,5.814404399604024,34.88767558688316
751186906,Grandes Carrières 6,7511869.0,Paris 18e Arrondissement,2117.01474659243,16.0,7.557812256978263,45.34849729165445
751208017,Charonne 17,7512080.0,Paris 20e Arrondissement,2310.07334405681,31.0,13.419487342146326,80.51980714773981
751083005,,,,,2.0,,
751093409,,,,,3.0,,
751166377,,,,,0.0,,
751031203,Sainte-Avoye 3,7510312.0,Paris 3e Arrondissement,1547.35671600913,9.0,5.816370528453438,34.89947278239041
751052001,Sorbonne 1,7510520.0,Paris 5e Arrondissement,2405.55065376811,15.0,6.235578526065812,37.41481083234156
751072805,Gros Caillou 5,7510728.0,Paris 7e Arrondissement,2313.25125366253,6.0,2.593751971602871,15.563069081380398
751145406,Parc de Montsouris 6,7511454.0,Paris 14e Arrondissement,3231.97614964105,13.0,4.022306910106316,24.134705628701077
751166405,Chaillot 5,7511664.0,Paris 16e Arrondissement,2028.88934539914,12.0,5.914566029543253,35.48866688563273
751041301,Saint-Merri 1,7510413.0,Paris 4e Arrondissement,1617.98872108552,14.0,8.652717919199896,51.91816649877586
751103906,Porte Saint-Martin 6,7511039.0,Paris 10e Arrondissement,2118.12816025641,20.0,9.442299278802327,56.65582429312119
751124613,Picpus 13,7511246.0,Paris 12e Arrondissement,3839.34927313104,23.0,5.990598500886896,35.944878048806494
751124622,Picpus 22,7511246.0,Paris 12e Arrondissement,1324.69323268297,23.0,17.362510377906066,100.0
751135115,Maison Blanche 15,7511351.0,Paris 13e Arrondissement,1291.75464206369,13.0,10.063830681677576,60.38514624259701
751135205,Croulebarbe 5,7511352.0,Paris 13e Arrondissement,2377.84835281591,17.0,7.149320510649115,42.89745905172377
751155724,Saint-Lambert 24,7511557.0,Paris 15e Arrondissement,3023.17567015143,13.0,4.300113992167989,25.801607806225284
751155803,Necker 3,7511558.0,Paris 15e Arrondissement,3294.30863782759,15.0,4.553307430809413,27.320822835137097
751156010,Javel 10,7511560.0,Paris 15e Arrondissement,2430.20149466795,9.0,3.7033966194764902,22.221175368994736
751166121,Auteuil 21,7511661.0,Paris 16e Arrondissement,1902.25969853195,0.0,0.0,0.0
751186928,Grandes Carrières 28,7511869.0,Paris 18e Arrondissement,1834.83667678908,20.0,10.900152723674305,65.40325817325814
751197403,Pont de Flandre 3,7511974.0,Paris 19e Arrondissement,1665.83225819358,14.0,8.404207525181155,50.42705074372367
751207904,Père Lachaise 4,7512079.0,Paris 20e Arrondissement,2076.21886365813,8.0,3.853158325468947,23.11977778033696
751062204,Odéon 4,7510622.0,Paris 6e Arrondissement,2183.76870354358,7.0,3.2054676800895483,19.233494755682823
751124507,Bel-Air 7,7511245.0,Paris 12e Arrondissement,1870.29345058299,12.0,6.416105449259566,38.49801115661051
751145301,Montparnasse 1,7511453.0,Paris 14e Arrondissement,1448.78561412209,9.0,6.212099231433675,37.27393002016575
751145501,Petit Montrouge 1,7511455.0,Paris 14e Arrondissement,1988.26677227678,4.0,2.0118024682470392,12.071247032950346
751156002,Javel 2,7511560.0,Paris 15e Arrondissement,1861.15208333347,10.0,5.373016041810625,32.23925061053099
751176715,Batignolles 15,7511767.0,Paris 17e Arrondissement,2466.04451636517,27.0,10.948707462830678,65.69459703988542
751197314,Villette 14,7511973.0,Paris 19e Arrondissement,1911.16510459935,37.0,19.35991815199899,100.0
751156022,,,,,23.0,,
751020703,Mail 3,7510207.0,Paris 2e Arrondissement,1920.83641441425,7.0,3.6442457814059184,21.86625763237516
751051801,Jardin des Plantes 1,7510518.0,Paris 5e Arrondissement,1354.24634783743,10.0,7.384180888483701,44.30667177704846
751072703,École Militaire 3,7510727.0,Paris 7e Arrondissement,1472.05374477641,6.0,4.075938138326151,24.456504520361783
751135010,Gare 10,7511350.0,Paris 13e Arrondissement,1798.37699475125,36.0,20.018049666488025,100.0
751145613,Plaisance 13,7511456.0,Paris 14e Arrondissement,2080.96791525647,21.0,10.091457848071553,60.550915176488765
751155807,Necker 7,7511558.0,Paris 15e Arrondissement,3277.86711625919,12.0,3.6609171678975185,21.966289533070285
751155916,Grenelle 16,7511559.0,Paris 15e Arrondissement,1778.78501482925,16.0,8.994903749813679,53.971354998993505
751166125,Auteuil 25,7511661.0,Paris 16e Arrondissement,1840.71265892792,13.0,7.062481988672554,42.37640926313854
751186909,Grandes Carrières 9,7511869.0,Paris 18e Arrondissement,1323.72741291324,13.0,9.820753029046811,58.92662810306396
751187103,Goutte d'Or 3,7511871.0,Paris 18e Arrondissement,1721.18634631848,26.0,15.105860010807387,90.63840546657023
751207814,Saint-Fargeau 14,7512078.0,Paris 20e Arrondissement,1800.64118883327,22.0,12.21787002120892,73.3098450619759
751207816,Saint-Fargeau 16,7512078.0,Paris 20e Arrondissement,2809.45389845712,28.0,9.966349693574571,59.800239370784304
751082902,,,,,1.0,,
751031004,Enfants Rouges 4,7510310.0,Paris 3e Arrondissement,1698.5647631793,10.0,5.887323354855444,35.32520498458368
751124501,Bel-Air 1,7511245.0,Paris 12e Arrondissement,2789.19063552636,9.0,3.226742512815576,19.36114832280681
751135106,Maison Blanche 6,7511351.0,Paris 13e Arrondissement,3115.00967968212,19.0,6.099499505227511,36.598307471565576
751166210,Muette 10,7511662.0,Paris 16e Arrondissement,1672.33978098375,4.0,2.391858428223844,14.351664445512016
751176705,Batignolles 5,7511767.0,Paris 17e Arrondissement,1647.96967557932,13.0,7.88849466870805,47.332662807128855
751176813,Épinettes 13,7511768.0,Paris 17e Arrondissement,1999.59566546023,17.0,8.501718769272912,51.012139157969216
751187003,Clignancourt 3,7511870.0,Paris 18e Arrondissement,1755.70361617558,15.0,8.543583245943442,51.26333501231941
751207714,Belleville 14,7512077.0,Paris 20e Arrondissement,2525.59055531986,33.0,13.066250952866993,78.40031292138386
751207803,Saint-Fargeau 3,7512078.0,Paris 20e Arrondissement,1458.64122752041,14.0,9.597973604379085,57.58990369225941
751083107,,,,,4.0,,
751051808,Jardin des Plantes 8,7510518.0,Paris 5e Arrondissement,1509.24080461887,6.0,3.975508733687588,23.853906515886443
751072504,Saint-Thomas d'Aquin 4,7510725.0,Paris 7e Arrondissement,1226.76420218994,2.0,1.6303051527177996,9.78218117740763
751093501,Faubourg Montmartre 1,7510935.0,Paris 9e Arrondissement,2718.72284375321,7.0,2.574738361464042,15.448983335589459
751135004,Gare 4,7511350.0,Paris 13e Arrondissement,1425.83991982262,29.0,20.33888909745753,100.0
751135006,Gare 6,7511350.0,Paris 13e Arrondissement,2635.65354118655,31.0,11.761788685641912,70.57325906228559
751166107,Auteuil 7,7511661.0,Paris 16e Arrondissement,3358.86828755808,14.0,4.168070552768859,25.009318801104342
751166111,Auteuil 11,7511661.0,Paris 16e Arrondissement,1934.97674352212,12.0,6.201624924006649,37.21108192526264
751166308,Porte Dauphine 8,7511663.0,Paris 16e Arrondissement,2059.00653157364,14.0,6.799395623723543,40.79783455094643
751176709,Batignolles 9,7511767.0,Paris 17e Arrondissement,1979.22391118577,11.0,5.557733987464715,33.34759796997752
751176808,Épinettes 8,7511768.0,Paris 17e Arrondissement,2262.37846039909,26.0,11.492330065507044,68.95644944993823
751197316,Villette 16,7511973.0,Paris 19e Arrondissement,2995.71103608182,31.0,10.348127581939888,62.09098872362284
751197612,Combat 12,7511976.0,Paris 19e Arrondissement,1884.72288806265,22.0,11.672803540160912,70.03932907148479
751156008,Javel 8,7511560.0,Paris 15e Arrondissement,1626.50533496555,14.0,8.607411054262865,51.646315575250576
751187203,Chapelle 3,7511872.0,Paris 18e Arrondissement,1777.1918677254,26.0,14.629821614746072,87.78207281626158
751208007,Charonne 7,7512080.0,Paris 20e Arrondissement,3480.40941549461,23.0,6.608417934282427,39.65192738391005
751041302,Saint-Merri 2,7510413.0,Paris 4e Arrondissement,2072.3483667144,5.0,2.4127217606406774,14.476848922372513
751103705,Saint-Vincent de Paul 5,7511037.0,Paris 10e Arrondissement,2187.85491540442,9.0,4.113618291885854,24.682593537070762
751135028,Gare 28,7511350.0,Paris 13e Arrondissement,2291.70317466381,33.0,14.399770600676094,86.40171730678695
751156012,Javel 12,7511560.0,Paris 15e Arrondissement,3273.84711493021,18.0,5.498118686701017,32.989893357412214
751166108,Auteuil 8,7511661.0,Paris 16e Arrondissement,1765.69856311662,10.0,5.663480850519061,33.98210186737101
751186913,Grandes Carrières 13,7511869.0,Paris 18e Arrondissement,1705.31343483072,21.0,12.314451743051322,73.88935614302314
751041305,,,,,9.0,,
751083101,,,,,2.0,,
751062199,,,,,4.0,,
751072810,Gros Caillou 10,7510728.0,Paris 7e Arrondissement,2302.15074086177,6.0,2.6062585275167534,15.638111103820815
751093307,Saint-Georges 7,7510933.0,Paris 9e Arrondissement,2817.42062690469,14.0,4.969084085744362,29.815572091820698
751103904,Porte Saint-Martin 4,7511039.0,Paris 10e Arrondissement,1946.51609171151,13.0,6.678598782386388,40.07302755046022
751114206,Saint-Ambroise 6,7511142.0,Paris 11e Arrondissement,2652.57592240293,16.0,6.031872590287946,36.19253145269872
751176603,Plaine Monceau 3,7511766.0,Paris 17e Arrondissement,2824.95983755396,6.0,2.123924000701972,12.744000316306122
751186912,Grandes Carrières 12,7511869.0,Paris 18e Arrondissement,2480.56733872064,22.0,8.868938833705101,53.21553843954946
751187005,Clignancourt 5,7511870.0,Paris 18e Arrondissement,1905.64045465005,16.0,8.396127381194908,50.378568143836624
751197616,Combat 16,7511976.0,Paris 19e Arrondissement,1460.04542458131,22.0,15.068024343358243,90.41138333311339
751103708,Saint-Vincent de Paul 8,7511037.0,Paris 10e Arrondissement,1584.24825684108,18.0,11.361855644955034,68.17357489499413
751114307,Roquette 7,7511143.0,Paris 11e Arrondissement,2205.24886334524,22.0,9.976198317421293,59.859333229781285
751124703,Bercy 3,7511247.0,Paris 12e Arrondissement,2164.63914988126,8.0,3.695766105144516,22.17539064363351
751166303,Porte Dauphine 3,7511663.0,Paris 16e Arrondissement,2183.66693548407,10.0,4.579452954799274,27.477701596282344
751197521,Amérique 21,7511975.0,Paris 19e Arrondissement,2188.60814113891,17.0,7.767493723729604,46.60663114094447
751207916,Père Lachaise 16,7512079.0,Paris 20e Arrondissement,2497.87606393049,27.0,10.809183205636957,64.85742152078893
751083004,,,,,3.0,,
751103704,Saint-Vincent de Paul 4,7511037.0,Paris 10e Arrondissement,2486.58500261736,10.0,4.021579792958647,24.130342769598386
751114212,Saint-Ambroise 12,7511142.0,Paris 11e Arrondissement,1641.84813113316,20.0,12.181394625212096,73.090984849479
751114321,Roquette 21,7511143.0,Paris 11e Arrondissement,1598.72837417107,24.0,15.011930974480789,90.0748110685311
751166123,Auteuil 23,7511661.0,Paris 16e Arrondissement,1814.54927659751,6.0,3.3066062616115306,19.840347973820997
751186911,Grandes Carrières 11,7511869.0,Paris 18e Arrondissement,1429.48158176769,17.0,11.892423251076718,71.35709452093262
751187101,Goutte d'Or 1,7511871.0,Paris 18e Arrondissement,2291.78090667105,27.0,11.781230885293972,70.68991643723575
751197409,Pont de Flandre 9,7511974.0,Paris 19e Arrondissement,1606.27710674056,24.0,14.941382093591896,89.65150262620173
751197410,Pont de Flandre 10,7511974.0,Paris 19e Arrondissement,2127.22246526451,10.0,4.700965772640309,28.206804609615016
751197524,Amérique 24,7511975.0,Paris 19e Arrondissement,1470.38432321237,27.0,18.36254615460855,100.0
751207910,Père Lachaise 10,7512079.0,Paris 20e Arrondissement,2325.35542543692,27.0,11.611128219217012,69.66926389525551
751093404,,,,,2.0,,
751051908,Val de Grâce 8,7510519.0,Paris 5e Arrondissement,2586.28003417811,7.0,2.7065901246167723,16.240122242051534
751052003,Sorbonne 3,7510520.0,Paris 5e Arrondissement,1497.5183489993,6.0,4.006628702753081,24.04063301621461
751083203,Europe 3,7510832.0,Paris 8e Arrondissement,1339.98094826779,1.0,0.7462792670990677,4.477835936135146
751103805,Porte Saint-Denis 5,7511038.0,Paris 10e Arrondissement,2193.87307524042,15.0,6.837223251101796,41.024808442250574
751104002,Hôpital Saint-Louis 2,7511040.0,Paris 10e Arrondissement,2725.00795094279,23.0,8.440342345438856,50.643867428615216
751114107,Folie Méricourt 7,7511141.0,Paris 11e Arrondissement,2252.22838060987,18.0,7.99208470817949,47.954225299644534
751208008,Charonne 8,7512080.0,Paris 20e Arrondissement,2273.31202624772,11.0,4.838755029223315,29.03356975229293
751093311,,,,,4.0,,
751041503,Arsenal 3,7510415.0,Paris 4e Arrondissement,1728.66042635704,9.0,5.206343514767965,31.23917963970097
751155720,Saint-Lambert 20,7511557.0,Paris 15e Arrondissement,1873.90936569051,23.0,12.273805991425212,73.64547290077509
751166129,Auteuil 29,7511661.0,Paris 16e Arrondissement,1389.37083793658,6.0,4.3185014656784375,25.91193659772431
751176814,Épinettes 14,7511768.0,Paris 17e Arrondissement,2091.56751556353,16.0,7.649765011620544,45.90023357499564
751187209,Chapelle 9,7511872.0,Paris 18e Arrondissement,2366.89599389445,4.0,1.6899770882701393,10.140225610872424
751051899,,,,,3.0,,
751062499,,,,,3.0,,
751145407,,,,,18.0,,
751166131,,,,,5.0,,
751051805,Jardin des Plantes 5,7510518.0,Paris 5e Arrondissement,3032.4470832281,3.0,0.9893000331621419,5.936012744040314
751114410,Sainte-Marguerite 10,7511144.0,Paris 11e Arrondissement,3811.20997440869,20.0,5.247677282095433,31.487191123973133
751135018,Gare 18,7511350.0,Paris 13e Arrondissement,1957.21415328934,8.0,4.08744234071423,24.525532206297846
751145608,Plaisance 8,7511456.0,Paris 14e Arrondissement,1600.88131814572,16.0,9.994494793987972,59.96911602006756
751155915,Grenelle 15,7511559.0,Paris 15e Arrondissement,1782.3030142367,10.0,5.61071822250307,33.66551476354681
751166217,Muette 17,7511662.0,Paris 16e Arrondissement,2553.45591880192,5.0,1.958130533283691,11.749203892082965
751166401,Chaillot 1,7511664.0,Paris 16e Arrondissement,1213.74091283672,1.0,0.8238990623318686,4.943571383670697
751176810,Épinettes 10,7511768.0,Paris 17e Arrondissement,1802.82245101189,26.0,14.42183060534147,86.53408207423642
751186905,Grandes Carrières 5,7511869.0,Paris 18e Arrondissement,2561.12912743502,16.0,6.2472445565538735,37.4848095216453
751197513,Amérique 13,7511975.0,Paris 19e Arrondissement,1833.22583420754,10.0,5.454865305409992,32.73036377694138
751197517,Amérique 17,7511975.0,Paris 19e Arrondissement,3234.50637666018,19.0,5.874157533619899,35.24620722857416
751207805,Saint-Fargeau 5,7512078.0,Paris 20e Arrondissement,2746.19022844542,21.0,7.646957513168273,45.88338798110813
751124577,,,,,0.0,,
751124624,Picpus 24,7511246.0,Paris 12e Arrondissement,1878.09579196675,22.0,11.71399248861609,70.28647161140977
751134905,Salpêtrière 5,7511349.0,Paris 13e Arrondissement,2613.10024794315,12.0,4.592246320991919,27.554464542014767
751010199,,,,,3.0,,
751072809,Gros Caillou 9,7510728.0,Paris 7e Arrondissement,1416.36274001499,4.0,2.8241352917527793,16.94541849872853
751155726,Saint-Lambert 26,7511557.0,Paris 15e Arrondissement,2414.97760971437,17.0,7.039402738814902,42.23792880555681
751155914,Grenelle 14,7511559.0,Paris 15e Arrondissement,1552.64875750271,6.0,3.864364023741234,23.187014377446484
751156004,Javel 4,7511560.0,Paris 15e Arrondissement,3195.95423043398,18.0,5.632120707046475,33.793934269000275
751114401,Sainte-Marguerite 1,7511144.0,Paris 11e Arrondissement,1789.12662723061,10.0,5.589319306861475,33.53711667227096
751114412,Sainte-Marguerite 12,7511144.0,Paris 11e Arrondissement,2699.74616019953,15.0,5.556077908780652,33.33766114207475
751135120,Maison Blanche 20,7511351.0,Paris 13e Arrondissement,1823.27049163744,26.0,14.260089284201577,85.56359939826245
751145506,Petit Montrouge 6,7511455.0,Paris 14e Arrondissement,2324.49134090417,14.0,6.022823038159542,36.138232195687316
751145605,Plaisance 5,7511456.0,Paris 14e Arrondissement,2303.34936334426,17.0,7.380556449898465,44.28492436684856
751176614,Plaine Monceau 14,7511766.0,Paris 17e Arrondissement,2929.01855025672,6.0,2.0484677365645627,12.291246520164357
751187202,Chapelle 2,7511872.0,Paris 18e Arrondissement,1750.0089802461,23.0,13.142789699722316,78.85956184639791
751103988,,,,,23.0,,
751041504,Arsenal 4,7510415.0,Paris 4e Arrondissement,1711.39328740106,11.0,6.4275114790853936,38.56644978608129
751135119,Maison Blanche 19,7511351.0,Paris 13e Arrondissement,1494.33165653427,23.0,15.39149619124229,92.35228391636777
751145623,Plaisance 23,7511456.0,Paris 14e Arrondissement,2914.44049588114,15.0,5.14678547089875,30.881818580803856
751176601,Plaine Monceau 1,7511766.0,Paris 17e Arrondissement,1958.00201126549,6.0,3.064348231247269,18.386747743977807
751197514,Amérique 14,7511975.0,Paris 19e Arrondissement,2710.83559113064,30.0,11.066698437247368,66.40256823602549
751207914,Père Lachaise 14,7512079.0,Paris 20e Arrondissement,2029.27235918325,21.0,10.34853695462159,62.09344504766426
751030901,Arts et Métiers 1,7510309.0,Paris 3e Arrondissement,1580.25594432374,9.0,5.695279952799981,34.17290331289936
751062401,Saint-Germain des Prés 1,7510624.0,Paris 6e Arrondissement,1418.05315772941,6.0,4.231153089921688,25.38782757691898
751114210,Saint-Ambroise 10,7511142.0,Paris 11e Arrondissement,2608.21420586965,17.0,6.517869568282539,39.108617734147536
751114319,Roquette 19,7511143.0,Paris 11e Arrondissement,1676.80324408401,24.0,14.312949408152248,85.88077149864114
751135023,Gare 23,7511350.0,Paris 13e Arrondissement,1599.50850407268,26.0,16.254993289375214,97.53345202224085
751156005,Javel 5,7511560.0,Paris 15e Arrondissement,2650.9314122751,28.0,10.562325328503936,63.37622122208422
751186927,Grandes Carrières 27,7511869.0,Paris 18e Arrondissement,1455.00269984912,21.0,14.432962909400542,86.60087829029835
751208004,Charonne 4,7512080.0,Paris 20e Arrondissement,1650.43739779411,21.0,12.723899754130343,76.34613217690071
751208012,Charonne 12,7512080.0,Paris 20e Arrondissement,2475.63523693919,29.0,11.714165143268374,70.28750757641727
751093402,,,,,0.0,,
751124799,,,,,10.0,,
751020803,Bonne Nouvelle 3,7510208.0,Paris 2e Arrondissement,1508.76932783014,9.0,5.96512656639401,35.79204096935968
751041403,Saint-Gervais 3,7510414.0,Paris 4e Arrondissement,2224.20441857384,18.0,8.092781333265043,48.55842668421249
751062101,Monnaie 1,7510621.0,Paris 6e Arrondissement,1413.21123297066,5.0,3.5380415067107003,21.229009166864344
751093502,Faubourg Montmartre 2,7510935.0,Paris 9e Arrondissement,1886.7888257868,15.0,7.950015282576696,47.70179970766873
751103803,Porte Saint-Denis 3,7511038.0,Paris 10e Arrondissement,2555.75277483017,11.0,4.304015673319948,25.82501873138939
751103908,Porte Saint-Martin 8,7511039.0,Paris 10e Arrondissement,2355.00652852685,18.0,7.643290913193227,45.861387593511246
751124502,Bel-Air 2,7511245.0,Paris 12e Arrondissement,3438.88736958784,11.0,3.1987090060813417,19.192941259573768
751155721,Saint-Lambert 21,7511557.0,Paris 15e Arrondissement,1440.14879994352,13.0,9.026845004148068,54.16300938738316
751166213,Muette 13,7511662.0,Paris 16e Arrondissement,1976.39569708065,5.0,2.5298577645081597,15.179690111532132
751176613,Plaine Monceau 13,7511766.0,Paris 17e Arrondissement,2049.21148554323,4.0,1.9519703203984489,11.712241291287414
751197313,Villette 13,7511973.0,Paris 19e Arrondissement,2493.83352384392,27.0,10.826705047409506,64.96255633588487
751207905,Père Lachaise 5,7512079.0,Paris 20e Arrondissement,4974.33953160984,8.0,1.6082537086910447,9.649867775629085
751208006,Charonne 6,7512080.0,Paris 20e Arrondissement,2413.05094868166,26.0,10.77474141779094,64.65076339410516
751135032,,,,,9.0,,
751010204,Les Halles 4,7510102.0,Paris 1er Arrondissement,1974.95946338737,7.0,3.5443765453260925,21.267020759601035
751062201,Odéon 1,7510622.0,Paris 6e Arrondissement,1566.07078313892,6.0,3.8312444524212563,22.988289833989086
751135204,Croulebarbe 4,7511352.0,Paris 13e Arrondissement,2628.2057877977,19.0,7.229266478376115,43.37715203398846
751197503,Amérique 3,7511975.0,Paris 19e Arrondissement,1650.24692648294,28.0,16.967157793576085,100.0
751207906,Père Lachaise 6,7512079.0,Paris 20e Arrondissement,1795.14282640692,29.0,16.15470344387312,96.93169140256775
751031002,Enfants Rouges 2,7510310.0,Paris 3e Arrondissement,1984.71172375564,15.0,7.55777265809451,45.34825968984436
751176815,Épinettes 15,7511768.0,Paris 17e Arrondissement,1726.77878154352,19.0,11.003146554196377,66.02124328398577
751197606,Combat 6,7511976.0,Paris 19e Arrondissement,1463.18972151656,28.0,19.136274393028604,100.0
751020702,Mail 2,7510207.0,Paris 2e Arrondissement,1650.99393302933,11.0,6.662653193289828,39.977350590068475
751051903,Val de Grâce 3,7510519.0,Paris 5e Arrondissement,2094.20242223975,5.0,2.38754379562435,14.325775722942602
751124512,Bel-Air 12,7511245.0,Paris 12e Arrondissement,3465.88139702047,16.0,4.616430329599504,27.69957378944677
751124619,Picpus 19,7511246.0,Paris 12e Arrondissement,3536.67042159084,22.0,6.2205400496730805,37.324576743060405
751145404,Parc de Montsouris 4,7511454.0,Paris 14e Arrondissement,1924.20257164234,15.0,7.795437040288976,46.77429704375153
751176611,Plaine Monceau 11,7511766.0,Paris 17e Arrondissement,2483.96890419736,24.0,9.661956701408496,57.97381602081333
751176713,Batignolles 13,7511767.0,Paris 17e Arrondissement,2491.70654773067,20.0,8.026627380425301,48.161488754401475
751176801,Épinettes 1,7511768.0,Paris 17e Arrondissement,2605.1551924857,18.0,6.909377242445722,41.4577478921583
751197605,Combat 5,7511976.0,Paris 19e Arrondissement,1792.03418494906,31.0,17.298777144076187,100.0
751207707,Belleville 7,7512077.0,Paris 20e Arrondissement,2382.11710493091,29.0,12.17404465127717,73.04688342677245
751207709,Belleville 9,7512077.0,Paris 20e Arrondissement,1111.251248875,20.0,17.99773005451957,100.0
751208005,Charonne 5,7512080.0,Paris 20e Arrondissement,1681.99422804896,22.0,13.07971194735849,78.48108178034526
751103709,Saint-Vincent de Paul 9,7511037.0,Paris 10e Arrondissement,1838.68682071402,27.0,14.684393065652719,88.10951324604424
751124603,Picpus 3,7511246.0,Paris 12e Arrondissement,1549.31992429032,6.0,3.872666907545486,23.236833464095852
751155702,Saint-Lambert 2,7511557.0,Paris 15e Arrondissement,1121.30736390606,18.0,16.052690439218406,96.31959145776872
751166118,Auteuil 18,7511661.0,Paris 16e Arrondissement,2162.39594082669,7.0,3.2371499908216994,19.42359542682661
751176506,Ternes 6,7511765.0,Paris 17e Arrondissement,1699.00059633342,10.0,5.885813119536747,35.316143248206664
751176716,Batignolles 16,7511767.0,Paris 17e Arrondissement,1576.13123514788,30.0,19.033948018411845,100.0
751186918,Grandes Carrières 18,7511869.0,Paris 18e Arrondissement,3222.78975207743,21.0,6.5160937000197645,39.09796214303645
751207708,Belleville 8,7512077.0,Paris 20e Arrondissement,2504.05535114936,32.0,12.779270228715998,76.67836692042277
751124706,,,,,6.0,,
751051804,Jardin des Plantes 4,7510518.0,Paris 5e Arrondissement,2055.46655963131,3.0,1.459522649951606,8.757449469233238
751072811,Gros Caillou 11,7510728.0,Paris 7e Arrondissement,1411.09907883401,2.0,1.4173349199920096,8.504314025699644
751135011,Gare 11,7511350.0,Paris 13e Arrondissement,2575.11907616514,25.0,9.70828892201363,58.251819298638644
751135114,Maison Blanche 14,7511351.0,Paris 13e Arrondissement,2178.30197548149,19.0,8.722390290170974,52.33621569328554
751155707,Saint-Lambert 7,7511557.0,Paris 15e Arrondissement,1842.67928535182,16.0,8.683008555634327,52.09991682514061
751155908,Grenelle 8,7511559.0,Paris 15e Arrondissement,2354.32264124193,11.0,4.6722568127694615,28.03454468244532
751187208,Chapelle 8,7511872.0,Paris 18e Arrondissement,2797.7973548195,13.0,4.646512363594216,27.880072456356235
751197611,Combat 11,7511976.0,Paris 19e Arrondissement,2627.70800893288,30.0,11.41679360797134,68.50321447617765
751207703,Belleville 3,7512077.0,Paris 20e Arrondissement,1797.18499109872,43.0,23.926307093023123,100.0
751083102,,,,,2.0,,
751197413,,,,,23.0,,
751010105,,,,,1.0,,
751051807,Jardin des Plantes 7,7510518.0,Paris 5e Arrondissement,1997.39911667642,8.0,4.0052085400496376,24.032111734880672
751104003,Hôpital Saint-Louis 3,7511040.0,Paris 10e Arrondissement,2079.55575251768,21.0,10.09831064859679,60.59203345192251
751114101,Folie Méricourt 1,7511141.0,Paris 11e Arrondissement,2592.89814959445,26.0,10.027389623486217,60.16649206431015
751135009,Gare 9,7511350.0,Paris 13e Arrondissement,2091.27073898221,25.0,11.954454071387776,71.7292927697417
751156001,Javel 1,7511560.0,Paris 15e Arrondissement,2307.23800603517,0.0,0.0,0.0
751093602,Rochechouart 2,7510936.0,Paris 9e Arrondissement,2557.28008065253,18.0,7.038728427199502,42.23388279099269
751197312,Villette 12,7511973.0,Paris 19e Arrondissement,1539.09937297025,22.0,14.294073785205324,85.76751370564733
751197507,Amérique 7,7511975.0,Paris 19e Arrondissement,1985.24526767284,31.0,15.615199041042956,93.69454907636222
751072602,Invalides 2,7510726.0,Paris 7e Arrondissement,979.648716927376,2.0,2.041548123773295,12.249727356780221
751083204,Europe 4,7510832.0,Paris 8e Arrondissement,2209.88144994576,4.0,1.8100518469432727,10.860699960239463
751124505,Bel-Air 5,7511245.0,Paris 12e Arrondissement,2509.76134425718,13.0,5.179775371768521,31.079765073701115
751145513,Petit Montrouge 13,7511455.0,Paris 14e Arrondissement,2691.50845958351,23.0,8.54539391028296,51.27419938736669
751207706,Belleville 6,7512077.0,Paris 20e Arrondissement,1919.59572888581,29.0,15.107347637636417,90.64733154715195
751207913,Père Lachaise 13,7512079.0,Paris 20e Arrondissement,1830.70530369864,16.0,8.739800975981565,52.44068354872855
751030904,Arts et Métiers 4,7510309.0,Paris 3e Arrondissement,1408.549344673,9.0,6.389552509492938,38.33868781327387
751031001,Enfants Rouges 1,7510310.0,Paris 3e Arrondissement,2010.51273510389,11.0,5.471241145573541,32.82862233617187
751114315,Roquette 15,7511143.0,Paris 11e Arrondissement,1560.71720294656,16.0,10.251697085027805,61.51238502464727
751135102,Maison Blanche 2,7511351.0,Paris 13e Arrondissement,1919.4425850719,25.0,13.024614643038946,78.15048611710881
751135118,Maison Blanche 18,7511351.0,Paris 13e Arrondissement,1668.93088109305,23.0,13.78127773927724,82.69062725898156
751145504,Petit Montrouge 4,7511455.0,Paris 14e Arrondissement,2426.73584219215,13.0,5.356990148650326,32.14309180850397
751145610,Plaisance 10,7511456.0,Paris 14e Arrondissement,1915.67593196037,17.0,8.874152311661284,53.246820427370444
751166101,Auteuil 1,7511661.0,Paris 16e Arrondissement,2015.03425563353,4.0,1.98507791558233,11.910893975355236
751166109,Auteuil 9,7511661.0,Paris 16e Arrondissement,2422.13562641741,12.0,4.954305559573163,29.726897759717446
751166201,Muette 1,7511662.0,Paris 16e Arrondissement,1311.68671431222,7.0,5.33664016233513,32.020987518542576
751176602,Plaine Monceau 2,7511766.0,Paris 17e Arrondissement,2607.20003224859,15.0,5.753298486676985,34.52102698108889
751208021,Charonne 21,7512080.0,Paris 20e Arrondissement,3274.26064203382,10.0,3.0541246080484474,18.325403808301903
751083104,,,,,2.0,,
751124708,,,,,6.0,,
751051701,Saint-Victor 1,7510517.0,Paris 5e Arrondissement,1898.12450629428,9.0,4.741522471342385,28.45015351518639
751062308,Notre-Dame des Champs 8,7510623.0,Paris 6e Arrondissement,2503.21610556622,3.0,1.1984582526970475,7.19100699761525
751062402,Saint-Germain des Prés 2,7510624.0,Paris 6e Arrondissement,2332.63556449716,3.0,1.2860988855954023,7.716869624059869
751083201,Europe 1,7510832.0,Paris 8e Arrondissement,1751.26185456021,4.0,2.284067336694495,13.704894738078515
751093302,Saint-Georges 2,7510933.0,Paris 9e Arrondissement,1687.79209687809,16.0,9.479840573726593,56.881080128184614
751135001,Gare 1,7511350.0,Paris 13e Arrondissement,1637.28956491685,12.0,7.329186148333769,43.97669152086496
751145307,Montparnasse 7,7511453.0,Paris 14e Arrondissement,1497.93097692513,7.0,4.6731125184213855,28.039679100199994
751145308,Montparnasse 8,7511453.0,Paris 14e Arrondissement,1460.86435149521,5.0,3.4226312627058406,20.536522907649424
751166215,Muette 15,7511662.0,Paris 16e Arrondissement,2173.43684765544,5.0,2.300503925565479,13.80351780260511
751176812,Épinettes 12,7511768.0,Paris 17e Arrondissement,1681.68550212611,22.0,13.082113137198357,78.49548943526544
751187013,Clignancourt 13,7511870.0,Paris 18e Arrondissement,2436.95516466375,34.0,13.951836493754822,83.71401642935334
751187106,Goutte d'Or 6,7511871.0,Paris 18e Arrondissement,1910.83375213163,32.0,16.74661647791306,100.0
751197404,Pont de Flandre 4,7511974.0,Paris 19e Arrondissement,1500.05371097249,25.0,16.666069899452076,100.0
751208019,Charonne 19,7512080.0,Paris 20e Arrondissement,4385.52408235848,25.0,5.700572960154699,34.204662494197954
751197617,,,,,14.0,,
751062202,Odéon 2,7510622.0,Paris 6e Arrondissement,1273.98833407146,2.0,1.5698730879334857,9.41957580524187
751062307,Notre-Dame des Champs 7,7510623.0,Paris 6e Arrondissement,1551.2725982395,2.0,1.2892640547314183,7.735861318893214
751103802,Porte Saint-Denis 2,7511038.0,Paris 10e Arrondissement,1155.93472041873,17.0,14.706712844339393,88.24343671343236
751114112,Folie Méricourt 12,7511141.0,Paris 11e Arrondissement,1322.71612087554,29.0,21.924583470566727,100.0
751114408,Sainte-Marguerite 8,7511144.0,Paris 11e Arrondissement,2874.52436393377,16.0,5.566138245599731,33.39802532439113
751135125,Maison Blanche 25,7511351.0,Paris 13e Arrondissement,2569.20984900805,20.0,7.784494523762562,46.70863959366023
751155801,Necker 1,7511558.0,Paris 15e Arrondissement,2689.25393360233,12.0,4.462204126601637,26.774183436902177
751166110,Auteuil 10,7511661.0,Paris 16e Arrondissement,2030.61576899802,7.0,3.4472301982831817,20.684121806044477
751166212,Muette 12,7511662.0,Paris 16e Arrondissement,1677.69182561976,11.0,6.55662728519075,39.34117236245547
751166302,Porte Dauphine 2,7511663.0,Paris 16e Arrondissement,3003.4191365553,12.0,3.995446341120112,23.973536443954725
751176612,Plaine Monceau 12,7511766.0,Paris 17e Arrondissement,2762.71517504699,16.0,5.79140410293213,34.74966886537859
751093308,Saint-Georges 8,7510933.0,Paris 9e Arrondissement,1636.34937754888,15.0,9.166746543130536,55.00244867826882
751093606,Rochechouart 6,7510936.0,Paris 9e Arrondissement,1850.04915461175,19.0,10.269997395819098,61.622190821104994
751114106,Folie Méricourt 6,7511141.0,Paris 11e Arrondissement,2302.18272296495,12.0,5.2124446423372355,31.27578771590657
751114406,Sainte-Marguerite 6,7511144.0,Paris 11e Arrondissement,2439.16380868045,21.0,8.609507867108226,51.65889690281017
751135105,Maison Blanche 5,7511351.0,Paris 13e Arrondissement,2480.53379532575,26.0,10.48161490441843,62.891941337429714
751135122,Maison Blanche 22,7511351.0,Paris 13e Arrondissement,3007.40084326649,20.0,6.650260820661668,39.90299369187397
751145618,Plaisance 18,7511456.0,Paris 14e Arrondissement,2518.73343514318,18.0,7.14644898457735,42.880229278363345
751155906,Grenelle 6,7511559.0,Paris 15e Arrondissement,2257.92114095745,20.0,8.85770527464887,53.14813467175055
751176708,Batignolles 8,7511767.0,Paris 17e Arrondissement,2123.07188977377,9.0,4.2391404847619265,25.435753662003393
751176712,Batignolles 12,7511767.0,Paris 17e Arrondissement,1885.86755170515,22.0,11.665718507170984,69.99681735136917
751186901,Grandes Carrières 1,7511869.0,Paris 18e Arrondissement,1958.69253942154,14.0,7.1476251214673105,42.887286352388934
751187107,Goutte d'Or 7,7511871.0,Paris 18e Arrondissement,1529.55035794397,27.0,17.65224653099591,100.0
751082904,,,,,1.0,,
751114209,Saint-Ambroise 9,7511142.0,Paris 11e Arrondissement,2167.12129028015,12.0,5.5372996674536505,33.22498765972233
751166406,Chaillot 6,7511664.0,Paris 16e Arrondissement,1478.19575201759,7.0,4.735502717042515,28.414033696079734
751176817,Épinettes 17,7511768.0,Paris 17e Arrondissement,1315.04283712963,13.0,9.885609527652617,59.31578102872125
751187109,Goutte d'Or 9,7511871.0,Paris 18e Arrondissement,1562.46987989211,29.0,18.560357785586547,100.0
751197520,Amérique 20,7511975.0,Paris 19e Arrondissement,2828.25252216716,22.0,7.778654779786923,46.67359987517309
751062205,,,,,7.0,,
751156021,,,,,8.0,,
751062311,Notre-Dame des Champs 11,7510623.0,Paris 6e Arrondissement,1592.65333271753,3.0,1.8836490894607472,11.302299227262184
751104007,Hôpital Saint-Louis 7,7511040.0,Paris 10e Arrondissement,3051.44212682496,24.0,7.865133599952005,47.1924913756097
751124606,Picpus 6,7511246.0,Paris 12e Arrondissement,2390.41155022217,15.0,6.275070080968221,37.65176864627529
751124609,Picpus 9,7511246.0,Paris 12e Arrondissement,2168.75780576394,13.0,5.994214736864442,35.96657624159798
751124801,Quinze-Vingts 1,7511248.0,Paris 12e Arrondissement,2663.64666892361,14.0,5.255952361601119,31.536843378857522
751135107,Maison Blanche 7,7511351.0,Paris 13e Arrondissement,2055.2722197147,8.0,3.892428420557599,23.355406787808857
751145401,Parc de Montsouris 1,7511454.0,Paris 14e Arrondissement,1119.00150297475,0.0,0.0,0.0
751176606,Plaine Monceau 6,7511766.0,Paris 17e Arrondissement,1846.11552778294,6.0,3.25006745769892,19.501103003328765
751093305,Saint-Georges 5,7510933.0,Paris 9e Arrondissement,1797.55439757091,12.0,6.675736776709493,40.055854901514415
751114203,Saint-Ambroise 3,7511142.0,Paris 11e Arrondissement,2311.39919558901,19.0,8.220129191123242,49.322541191270844
751114320,Roquette 20,7511143.0,Paris 11e Arrondissement,2439.48878083034,24.0,9.838126819271949,59.03087457706747
751135123,Maison Blanche 23,7511351.0,Paris 13e Arrondissement,2019.55412126025,14.0,6.932223233147951,41.59482874469319
751155810,Necker 10,7511558.0,Paris 15e Arrondissement,4525.24192184853,14.0,3.0937572491773206,18.563208169905927
751176505,Ternes 5,7511765.0,Paris 17e Arrondissement,1462.73505084191,10.0,6.836508084115628,41.020517286684296
751197614,Combat 14,7511976.0,Paris 19e Arrondissement,2036.32125586525,19.0,9.330551328909417,55.98531258539947
751010202,Les Halles 2,7510102.0,Paris 1er Arrondissement,1442.76675336217,2.0,1.3862254555972227,8.317650555652579
751072806,Gros Caillou 6,7510728.0,Paris 7e Arrondissement,1360.18562203615,5.0,3.6759688670397614,22.056602961689336
751155812,Necker 12,7511558.0,Paris 15e Arrondissement,1761.29898469729,5.0,2.838813877394778,17.03349316618496
751187014,Clignancourt 14,7511870.0,Paris 18e Arrondissement,1444.67000923412,27.0,18.689389152830707,100.0
751187205,Chapelle 5,7511872.0,Paris 18e Arrondissement,2239.31164448213,17.0,7.59161863061337,45.55134279655791
751197602,Combat 2,7511976.0,Paris 19e Arrondissement,4630.16846520596,23.0,4.967421849299151,29.80559831602808
751208018,Charonne 18,7512080.0,Paris 20e Arrondissement,2323.01625576649,40.0,17.218992721513185,100.0
751124888,,,,,4.0,,
751031103,Les Archives 3,7510311.0,Paris 3e Arrondissement,1367.35599985095,12.0,8.77606124616272,52.65825296011298
751041501,Arsenal 1,7510415.0,Paris 4e Arrondissement,3099.33266544183,1.0,0.3226501017945563,1.935969930170303
751114405,Sainte-Marguerite 5,7511144.0,Paris 11e Arrondissement,1624.22680471002,19.0,11.697873686669118,70.18975533670181
751135002,Gare 2,7511350.0,Paris 13e Arrondissement,1586.99353053912,24.0,15.122934995107967,90.74085904082976
751145507,Petit Montrouge 7,7511455.0,Paris 14e Arrondissement,1691.7969658936,18.0,10.639574584230607,63.83973335297484
751155918,Grenelle 18,7511559.0,Paris 15e Arrondissement,2682.42921879976,6.0,2.2367784983659966,13.421151548389549
751166114,Auteuil 14,7511661.0,Paris 16e Arrondissement,1745.35844969325,14.0,8.021274943528377,48.129372983081566
751166306,Porte Dauphine 6,7511663.0,Paris 16e Arrondissement,2159.38582729938,7.0,3.241662472497793,19.45067128636229
751186910,Grandes Carrières 10,7511869.0,Paris 18e Arrondissement,2296.84563720568,20.0,8.707594309355418,52.247436629566124
751187201,Chapelle 1,7511872.0,Paris 18e Arrondissement,2169.69944166733,33.0,15.209479878300922,91.26014693362686
751093405,,,,,1.0,,
751020501,,,,,6.0,,
751093504,,,,,6.0,,
751051904,Val de Grâce 4,7510519.0,Paris 5e Arrondissement,1739.15282317489,6.0,3.4499555875985473,20.700474727469913
751062304,Notre-Dame des Champs 4,7510623.0,Paris 6e Arrondissement,1296.92644576127,5.0,3.8552687520109123,23.132440793000995
751103702,Saint-Vincent de Paul 2,7511037.0,Paris 10e Arrondissement,1569.11092268201,17.0,10.834160768534243,65.00729226444942
751124602,Picpus 2,7511246.0,Paris 12e Arrondissement,2344.26945294755,12.0,5.118865489166311,30.71429269197174
751187016,Clignancourt 16,7511870.0,Paris 18e Arrondissement,1967.60219667044,31.0,15.75521721436271,94.53468819832976
751208003,Charonne 3,7512080.0,Paris 20e Arrondissement,2624.66601956879,17.0,6.477014550900062,38.86347885240182
751031102,Les Archives 2,7510311.0,Paris 3e Arrondissement,1461.97390084459,11.0,7.524074125841263,45.146061256401126
751031104,Les Archives 4,7510311.0,Paris 3e Arrondissement,2270.6995301563,10.0,4.403929215289733,26.42452144902212
751041401,Saint-Gervais 1,7510414.0,Paris 4e Arrondissement,2944.08141876955,15.0,5.09496779007868,30.57090136317132
751093604,Rochechouart 4,7510936.0,Paris 9e Arrondissement,1604.73355626589,16.0,9.970502540765056,59.82515734614105
751114110,Folie Méricourt 10,7511141.0,Paris 11e Arrondissement,1216.68928761976,29.0,23.835173281367037,100.0
751114413,Sainte-Marguerite 13,7511144.0,Paris 11e Arrondissement,2343.43588781151,22.0,9.387924847624221,56.32956602403824
751135021,Gare 21,7511350.0,Paris 13e Arrondissement,2168.34198248237,22.0,10.146001035691738,60.87818602048047
751166103,Auteuil 3,7511661.0,Paris 16e Arrondissement,1432.30227835558,8.0,5.585413163752532,33.51367897440633
751166115,Auteuil 15,7511661.0,Paris 16e Arrondissement,2949.76307333411,8.0,2.712082225287884,16.273076026022476
751166126,Auteuil 26,7511661.0,Paris 16e Arrondissement,2499.19404205855,9.0,3.601160953707632,21.60773940967346
751176806,Épinettes 6,7511768.0,Paris 17e Arrondissement,4468.40980737515,21.0,4.699658470299504,28.198960514704265
751176807,Épinettes 7,7511768.0,Paris 17e Arrondissement,2190.71183474033,26.0,11.868288465735997,71.21228062367713
751186902,Grandes Carrières 2,7511869.0,Paris 18e Arrondissement,1688.54258756427,18.0,10.660080552641007,63.96277356901926
751197504,Amérique 4,7511975.0,Paris 19e Arrondissement,2053.33614851918,33.0,16.071406537014827,96.4318920655865
751197512,Amérique 12,7511975.0,Paris 19e Arrondissement,998.808839501402,19.0,19.022659040026777,100.0
751207809,Saint-Fargeau 9,7512078.0,Paris 20e Arrondissement,3492.7918281801,12.0,3.435647066963202,20.61462052955961
751051806,Jardin des Plantes 6,7510518.0,Paris 5e Arrondissement,1844.98248225935,7.0,3.7940739640128505,22.765258917686328
751114303,Roquette 3,7511143.0,Paris 11e Arrondissement,1387.22926891766,13.0,9.371197891566132,56.2292006940054
751114402,Sainte-Marguerite 2,7511144.0,Paris 11e Arrondissement,2069.06891132261,18.0,8.699565249614558,52.19926054612654
751135203,Croulebarbe 3,7511352.0,Paris 13e Arrondissement,2660.57133833191,13.0,4.886168550605588,29.318061067091943
751145304,Montparnasse 4,7511453.0,Paris 14e Arrondissement,1353.11456238169,19.0,14.041678752283232,84.2530892825841
751145604,Plaisance 4,7511456.0,Paris 14e Arrondissement,1764.16680585128,20.0,11.336796460326331,68.02321440340921
751166105,Auteuil 5,7511661.0,Paris 16e Arrondissement,1867.4139741185,17.0,9.10349833278116,54.622945827681015
751176514,Ternes 14,7511765.0,Paris 17e Arrondissement,1863.64646003639,11.0,5.902407047624909,35.415710381839695
751187019,Clignancourt 19,7511870.0,Paris 18e Arrondissement,2471.43056293131,24.0,9.710974833755444,58.26793534614125
751207702,Belleville 2,7512077.0,Paris 20e Arrondissement,2243.65536948901,36.0,16.04524495586814,96.27491695805051
751208026,Charonne 26,7512080.0,Paris 20e Arrondissement,1562.18287458002,19.0,12.162468497875443,72.97742401929625
751052005,,,,,9.0,,
751041404,Saint-Gervais 4,7510414.0,Paris 4e Arrondissement,1512.52865291669,15.0,9.917167500314587,59.50513564473068
751051907,Val de Grâce 7,7510519.0,Paris 5e Arrondissement,1941.31927219689,12.0,6.181363453122383,37.089508746903824
751062310,Notre-Dame des Champs 10,7510623.0,Paris 6e Arrondissement,1869.32457918622,3.0,1.604857729579526,9.629491171354612
751072506,Saint-Thomas d'Aquin 6,7510725.0,Paris 7e Arrondissement,1965.24748381473,3.0,1.5265252975552566,9.15947974996459
751114103,Folie Méricourt 3,7511141.0,Paris 11e Arrondissement,1592.47435641262,15.0,9.419303952743467,56.51784739636273
751145614,Plaisance 14,7511456.0,Paris 14e Arrondissement,1707.32612345593,21.0,12.299934799505255,73.80225136287011
751156006,Javel 6,7511560.0,Paris 15e Arrondissement,1727.19034748115,23.0,13.316424581426173,79.90140844101447
751186908,Grandes Carrières 8,7511869.0,Paris 18e Arrondissement,1660.43834183753,12.0,7.22700728936442,43.363596414545334
751208024,Charonne 24,7512080.0,Paris 20e Arrondissement,2885.94441625933,31.0,10.741717624687041,64.45261354052158
751041699,,,,,13.0,,
751197488,,,,,12.0,,
751072801,Gros Caillou 1,7510728.0,Paris 7e Arrondissement,1705.88588939881,2.0,1.1724113625823134,7.034720060911651
751114207,Saint-Ambroise 7,7511142.0,Paris 11e Arrondissement,1828.21108627153,10.0,5.469827896292922,32.82014253686019
751156017,Javel 17,7511560.0,Paris 15e Arrondissement,1849.36897788695,19.0,10.273774583214323,61.64485475698197
751166120,Auteuil 20,7511661.0,Paris 16e Arrondissement,1697.4734620889,5.0,2.9455541495458974,17.673957731586963
751166404,Chaillot 4,7511664.0,Paris 16e Arrondissement,1726.0749565081,9.0,5.214142042943061,31.285972484217677
751176511,Ternes 11,7511765.0,Paris 17e Arrondissement,1875.49608962925,6.0,3.1991535643169944,19.195608704498305
751176610,Plaine Monceau 10,7511766.0,Paris 17e Arrondissement,2194.18933832367,16.0,7.291986940481524,43.75348828172898
751187004,Clignancourt 4,7511870.0,Paris 18e Arrondissement,1407.94204800025,16.0,11.364104099828092,68.18706610729926
751187009,Clignancourt 9,7511870.0,Paris 18e Arrondissement,2676.66874981327,23.0,8.592770398505428,51.55846849525051
751197509,Amérique 9,7511975.0,Paris 19e Arrondissement,1619.54932389817,25.0,15.436393094732251,92.62167498313293
751010206,,,,,6.0,,
751082906,,,,,0.0,,
751197525,,,,,8.0,,
751072606,,,,,2.0,,
751093503,Faubourg Montmartre 3,7510935.0,Paris 9e Arrondissement,3503.33081971187,12.0,3.4253116869468054,20.552606028967983
751103901,Porte Saint-Martin 1,7511039.0,Paris 10e Arrondissement,1776.2418292206,16.0,9.007782463393886,54.04863004738767
751103903,Porte Saint-Martin 3,7511039.0,Paris 10e Arrondissement,1514.57495566455,11.0,7.262763694104218,43.578142525029214
751103907,Porte Saint-Martin 7,7511039.0,Paris 10e Arrondissement,1634.14368385303,17.0,10.403001993017481,62.420246979520336
751114202,Saint-Ambroise 2,7511142.0,Paris 11e Arrondissement,1792.37163354034,26.0,14.505920264227854,87.03863809370414
751114310,Roquette 10,7511143.0,Paris 11e Arrondissement,1618.06629595098,21.0,12.978454623614633,77.8735160833648
751124508,Bel-Air 8,7511245.0,Paris 12e Arrondissement,1924.68675869838,19.0,9.871736226236237,59.23253823962893
751135202,Croulebarbe 2,7511352.0,Paris 13e Arrondissement,1397.39487595796,14.0,10.018642719297606,60.11400875995957
751145505,Petit Montrouge 5,7511455.0,Paris 14e Arrondissement,2843.35266834637,18.0,6.330554841256606,37.98468912856734
751156013,Javel 13,7511560.0,Paris 15e Arrondissement,1961.84374957488,13.0,6.626419664061944,39.7599416301488
751166102,Auteuil 2,7511661.0,Paris 16e Arrondissement,2144.73128294097,10.0,4.662588772560573,27.97653436407262
751166122,Auteuil 22,7511661.0,Paris 16e Arrondissement,2264.31991965477,2.0,0.8832674140432111,5.299794248866375
751176512,Ternes 12,7511765.0,Paris 17e Arrondissement,2384.84220281046,12.0,5.0317794552018515,30.191757778282685
751187001,Clignancourt 1,7511870.0,Paris 18e Arrondissement,2726.65404205408,21.0,7.701747150944017,46.212137578981505
751010201,Les Halles 1,7510102.0,Paris 1er Arrondissement,1675.02797417233,7.0,4.179034683560351,25.075105941429804
751051703,Saint-Victor 3,7510517.0,Paris 5e Arrondissement,2143.21312827772,10.0,4.665891538297906,27.996351668075658
751104009,Hôpital Saint-Louis 9,7511040.0,Paris 10e Arrondissement,1849.79154490087,25.0,13.515036366619217,81.09312182270126
751124805,Quinze-Vingts 5,7511248.0,Paris 12e Arrondissement,1679.07121035415,8.0,4.764538841871178,28.588256683285724
751145305,Montparnasse 5,7511453.0,Paris 14e Arrondissement,2086.08433592729,11.0,5.273037053466185,31.63935520058958
751156007,Javel 7,7511560.0,Paris 15e Arrondissement,2226.77524593486,14.0,6.287118570029921,37.72406216918975
751197309,Villette 9,7511973.0,Paris 19e Arrondissement,2641.14927977441,30.0,11.35869154755327,68.15458963079656
751020503,,,,,4.0,,
751103905,Porte Saint-Martin 5,7511039.0,Paris 10e Arrondissement,1626.6156937948,10.0,6.147733627646601,36.88772256888661
751114403,Sainte-Marguerite 3,7511144.0,Paris 11e Arrondissement,2018.72379587913,22.0,10.897974277070066,65.39018702560678
751145606,Plaisance 6,7511456.0,Paris 14e Arrondissement,2196.74509490823,14.0,6.373065328540022,38.23976118538629
751145611,Plaisance 11,7511456.0,Paris 14e Arrondissement,1256.18360232875,17.0,13.533053582680829,81.20122898995972
751155701,Saint-Lambert 1,7511557.0,Paris 15e Arrondissement,3367.52727579594,4.0,1.1878151748762213,7.127146244090052
751155804,Necker 4,7511558.0,Paris 15e Arrondissement,2103.87225644372,15.0,7.1297104441860215,42.77979443984224
751155811,Necker 11,7511558.0,Paris 15e Arrondissement,1544.46555844511,15.0,9.712097442367858,58.27467123900134
751176803,Épinettes 3,7511768.0,Paris 17e Arrondissement,2419.21841559502,21.0,8.68048947735665,52.084801814265965
751186921,Grandes Carrières 21,7511869.0,Paris 18e Arrondissement,1858.04403932781,30.0,16.146011270461162,96.87953649463566
751197511,Amérique 11,7511975.0,Paris 19e Arrondissement,1855.50399545909,17.0,9.161931228174936,54.97355575399422
751208016,Charonne 16,7512080.0,Paris 20e Arrondissement,2165.6870984564,30.0,13.852416640142796,83.1174759479331
751041304,,,,,7.0,,
751103712,,,,,14.0,,
751072702,École Militaire 2,7510727.0,Paris 7e Arrondissement,1510.36887737874,8.0,5.29671931130101,31.781453835586927
751104001,Hôpital Saint-Louis 1,7511040.0,Paris 10e Arrondissement,1979.4391649641,27.0,13.640227230974125,81.84429390532298
751104011,Hôpital Saint-Louis 11,7511040.0,Paris 10e Arrondissement,2193.16481639405,23.0,10.487127929498731,62.92502067235127
751135110,Maison Blanche 10,7511351.0,Paris 13e Arrondissement,3919.28824198059,10.0,2.551483683411495,15.309450271148684
751166209,Muette 9,7511662.0,Paris 16e Arrondissement,1873.74736298943,1.0,0.5336898771692313,3.202253923024631
751041602,Notre-Dame 2,7510416.0,Paris 4e Arrondissement,500.649299165665,3.0,5.99221851503541,35.95459848174772
751197318,,,,,18.0,,
751135101,Maison Blanche 1,7511351.0,Paris 13e Arrondissement,2846.45347760119,5.0,1.7565718320517507,10.539808381035897
751145615,Plaisance 15,7511456.0,Paris 14e Arrondissement,1850.77150202194,23.0,12.427249919762026,74.56616943728642
751176504,Ternes 4,7511765.0,Paris 17e Arrondissement,2748.86883111342,9.0,3.2740740111468254,19.645147481677526
751176811,Épinettes 11,7511768.0,Paris 17e Arrondissement,2054.79219910714,21.0,10.22001154624056,61.32226498447939
751197610,Combat 10,7511976.0,Paris 19e Arrondissement,1150.82178452832,26.0,22.592551122636642,100.0
751208010,Charonne 10,7512080.0,Paris 20e Arrondissement,1863.91386332385,25.0,13.41263697423142,80.47870346849069
751093401,,,,,3.0,,
751124812,,,,,11.0,,
751020801,Bonne Nouvelle 1,7510208.0,Paris 2e Arrondissement,1965.58872485418,10.0,5.087534270803199,30.52629865047224
751103707,Saint-Vincent de Paul 7,7511037.0,Paris 10e Arrondissement,2328.31696775326,13.0,5.583432230253649,33.50179294782157
751124803,Quinze-Vingts 3,7511248.0,Paris 12e Arrondissement,1870.9123743278,2.0,1.0689971521079815,6.4142125801544045
751145515,Petit Montrouge 15,7511455.0,Paris 14e Arrondissement,2273.85729711863,12.0,5.27737603199905,31.665390003989796
751166409,Chaillot 9,7511664.0,Paris 16e Arrondissement,1977.78182509147,5.0,2.5280847141816345,15.16905142864395
751187015,Clignancourt 15,7511870.0,Paris 18e Arrondissement,1906.51238119037,26.0,13.63746716597055,81.82773292231845
751208002,Charonne 2,7512080.0,Paris 20e Arrondissement,1732.26561845244,17.0,9.813737465497553,58.884533214517454
751083208,,,,,7.0,,
751041599,,,,,3.0,,
751062302,Notre-Dame des Champs 2,7510623.0,Paris 6e Arrondissement,1659.04455718517,7.0,4.219295961451814,25.316682258668134
751114314,Roquette 14,7511143.0,Paris 11e Arrondissement,1733.53221642968,18.0,10.383423987973034,62.30277474303888
751176616,Plaine Monceau 16,7511766.0,Paris 17e Arrondissement,2121.03800408619,4.0,1.8858690849923387,11.315619677404207
751083210,,,,,2.0,,
751030902,Arts et Métiers 2,7510309.0,Paris 3e Arrondissement,1490.23547617026,12.0,8.052418689453475,48.31624214967568
751155714,Saint-Lambert 14,7511557.0,Paris 15e Arrondissement,1735.01068450113,14.0,8.06911457379609,48.41642104274011
751155716,Saint-Lambert 16,7511557.0,Paris 15e Arrondissement,2231.6318360719,15.0,6.721538811887034,40.330676952867066
751072601,Invalides 1,7510726.0,Paris 7e Arrondissement,1566.70817933293,1.0,0.6382809595248159,3.829822887913127
751072603,Invalides 3,7510726.0,Paris 7e Arrondissement,620.136015662465,2.0,3.2250989290849117,19.3512864673089
751093605,Rochechouart 5,7510936.0,Paris 9e Arrondissement,1982.86917052943,19.0,9.582074441616822,57.49450529984785
751114108,Folie Méricourt 8,7511141.0,Paris 11e Arrondissement,2022.66360948952,16.0,7.910361329948523,47.46386747249025
751114404,Sainte-Marguerite 4,7511144.0,Paris 11e Arrondissement,2045.37746921527,15.0,7.333609676337592,44.00323363925587
751186903,Grandes Carrières 3,7511869.0,Paris 18e Arrondissement,1822.3215663579,13.0,7.133757422397111,42.80407717857733
751208022,Charonne 22,7512080.0,Paris 20e Arrondissement,1558.58050115053,11.0,7.057704104394929,42.34774093097356
751093406,,,,,2.0,,
751020802,Bonne Nouvelle 2,7510208.0,Paris 2e Arrondissement,1635.40541856124,9.0,5.503222563563362,33.02051771512304
751093306,Saint-Georges 6,7510933.0,Paris 9e Arrondissement,2081.91740806794,12.0,5.763917412620241,34.58474281815979
751114111,Folie Méricourt 11,7511141.0,Paris 11e Arrondissement,1280.51036153949,31.0,24.209097349849113,100.0
751145402,Parc de Montsouris 2,7511454.0,Paris 14e Arrondissement,3262.79990081295,5.0,1.5324261836449775,9.194886334272235
751166104,Auteuil 4,7511661.0,Paris 16e Arrondissement,1796.21742248995,2.0,1.1134509525175205,6.680944933239042
751166119,Auteuil 19,7511661.0,Paris 16e Arrondissement,1966.64545970157,7.0,3.5593604152027587,21.356927198053924
751197301,Villette 1,7511973.0,Paris 19e Arrondissement,3747.363404708,19.0,5.070231506271676,30.422478345889857
751207909,Père Lachaise 9,7512079.0,Paris 20e Arrondissement,1480.90129279798,15.0,10.128966780533599,60.77597682982599
751124811,,,,,13.0,,
751156023,,,,,14.0,,
751083006,,,,,2.0,,
751072812,,,,,3.0,,
751103902,Porte Saint-Martin 2,7511039.0,Paris 10e Arrondissement,1949.49604901317,12.0,6.155436942831646,36.93394411500709
751114104,Folie Méricourt 4,7511141.0,Paris 11e Arrondissement,1331.10833785687,18.0,13.522565735694071,81.13829965478932
751135108,Maison Blanche 8,7511351.0,Paris 13e Arrondissement,2312.26971715905,9.0,3.8922794919693766,23.354513184283128
751155708,Saint-Lambert 8,7511557.0,Paris 15e Arrondissement,3348.77152098202,6.0,1.7917018113676844,10.75059580439291
751176706,Batignolles 6,7511767.0,Paris 17e Arrondissement,2138.39671383105,11.0,5.144040826873944,30.865350126985025
751197317,Villette 17,7511973.0,Paris 19e Arrondissement,1652.52564733639,26.0,15.733492573569368,94.40433568616338
751197607,Combat 7,7511976.0,Paris 19e Arrondissement,1631.572537493,24.0,14.709735208510745,88.26157154779695
751208014,Charonne 14,7512080.0,Paris 20e Arrondissement,1904.43321705247,29.0,15.227627695385346,91.36903773508102
751041303,Saint-Merri 3,7510413.0,Paris 4e Arrondissement,1620.04521816676,9.0,5.55540049072481,33.33359648820057
751072706,École Militaire 6,7510727.0,Paris 7e Arrondissement,1435.37942840705,6.0,4.180079414025501,25.081374548674656
751155809,Necker 9,7511558.0,Paris 15e Arrondissement,2984.61312515529,19.0,6.36598420071996,38.19727289712886
751155919,Grenelle 19,7511559.0,Paris 15e Arrondissement,1961.51223921592,10.0,5.098107368423724,30.58973950776081
751208013,Charonne 13,7512080.0,Paris 20e Arrondissement,2241.80220040481,26.0,11.597811794147178,69.58936248388396
751104012,,,,,29.0,,
751072699,,,,,1.0,,
751030903,Arts et Métiers 3,7510309.0,Paris 3e Arrondissement,1581.91300338812,12.0,7.585752171136189,45.516142779321854
751041502,Arsenal 2,7510415.0,Paris 4e Arrondissement,1352.16077374868,10.0,7.395570256247246,44.3750104305658
751093310,Saint-Georges 10,7510933.0,Paris 9e Arrondissement,1424.8303353715,20.0,14.036758976489187,84.22356957083606
751124509,Bel-Air 9,7511245.0,Paris 12e Arrondissement,1763.09965309167,7.0,3.970280402316002,23.822535404381878
751124808,Quinze-Vingts 8,7511248.0,Paris 12e Arrondissement,1843.75209056215,17.0,9.220328528450262,55.32395210194934
751145609,Plaisance 9,7511456.0,Paris 14e Arrondissement,1915.00552989544,17.0,8.877258960671622,53.265460988877024
751187006,Clignancourt 6,7511870.0,Paris 18e Arrondissement,1982.8175405963,23.0,11.599655303171831,69.60042393409852
751187011,Clignancourt 11,7511870.0,Paris 18e Arrondissement,1916.0219975343,17.0,8.872549491538743,53.23720316227909
751197302,Villette 2,7511973.0,Paris 19e Arrondissement,2621.59815210301,26.0,9.917614558563509,59.50781809027193
751197402,Pont de Flandre 2,7511974.0,Paris 19e Arrondissement,2541.20377306717,21.0,8.263800102363897,49.58457604114322
751207902,Père Lachaise 2,7512079.0,Paris 20e Arrondissement,2490.33378562795,22.0,8.834157142695066,53.00684082085545
751207908,Père Lachaise 8,7512079.0,Paris 20e Arrondissement,2520.03332107835,29.0,11.507784344530247,69.04917844433488
751051802,Jardin des Plantes 2,7510518.0,Paris 5e Arrondissement,2316.48476144752,5.0,2.1584428627432932,12.951120904720648
751103804,Porte Saint-Denis 4,7511038.0,Paris 10e Arrondissement,2528.33823576307,14.0,5.537233824957246,33.22459259059805
751114115,Folie Méricourt 15,7511141.0,Paris 11e Arrondissement,1830.72898354014,16.0,8.73968792970125,52.44000524675935
751114304,Roquette 4,7511143.0,Paris 11e Arrondissement,1712.23305361967,17.0,9.928554973320898,59.57346292929754
751124611,Picpus 11,7511246.0,Paris 12e Arrondissement,1784.33546489825,11.0,6.164760055714783,36.98988479531974
751145502,Petit Montrouge 2,7511455.0,Paris 14e Arrondissement,2134.49564163696,7.0,3.2794632434253415,19.677484033192247
751145510,Petit Montrouge 10,7511455.0,Paris 14e Arrondissement,1632.62203791399,10.0,6.125116388099878,36.75201427243054
751155802,Necker 2,7511558.0,Paris 15e Arrondissement,2626.7894361235,13.0,4.949007263857748,29.695106847118495
751166127,Auteuil 27,7511661.0,Paris 16e Arrondissement,2763.89989032406,7.0,2.532653235562475,15.1964635384479
751176714,Batignolles 14,7511767.0,Paris 17e Arrondissement,6201.89937888795,16.0,2.579854819068175,15.479683180453913
751186914,Grandes Carrières 14,7511869.0,Paris 18e Arrondissement,1803.23286105983,22.0,12.200310051509234,73.20448147112559
751197311,Villette 11,7511973.0,Paris 19e Arrondissement,1967.68949925738,30.0,15.246307921713367,91.48112310638163
751197615,Combat 15,7511976.0,Paris 19e Arrondissement,2100.2362122654,20.0,9.522738386853728,57.13847622328048
751207807,Saint-Fargeau 7,7512078.0,Paris 20e Arrondissement,2493.66720823732,15.0,6.01523729808475,36.09271612548865
751166299,,,,,11.0,,
751093601,Rochechouart 1,7510936.0,Paris 9e Arrondissement,2104.11445099788,19.0,9.0299270512539,54.181502332177146
751114302,Roquette 2,7511143.0,Paris 11e Arrondissement,3195.63379051783,13.0,4.068050612862446,24.409177672992897
751114407,Sainte-Marguerite 7,7511144.0,Paris 11e Arrondissement,1819.66280844269,19.0,10.441494936229775,62.651212908767754
751155709,Saint-Lambert 9,7511557.0,Paris 15e Arrondissement,3003.73445065015,14.0,4.660864743542739,27.96618981956851
751155730,Saint-Lambert 30,7511557.0,Paris 15e Arrondissement,2204.90297340683,8.0,3.6282775688941427,21.770444926631612
751176501,Ternes 1,7511765.0,Paris 17e Arrondissement,3275.5713299459,7.0,2.137031770917232,12.822649753722025
751176515,Ternes 15,7511765.0,Paris 17e Arrondissement,3195.21988580168,8.0,2.5037400510521675,15.022978219565022
751176802,Épinettes 2,7511768.0,Paris 17e Arrondissement,3127.60299206698,16.0,5.115738807189806,30.695531928364193
751187024,Clignancourt 24,7511870.0,Paris 18e Arrondissement,1771.86293494178,29.0,16.366954479440526,98.20524321681032
751207907,Père Lachaise 7,7512079.0,Paris 20e Arrondissement,2531.49018189694,28.0,11.060678884015482,66.36644962336995
751082999,,,,,0.0,,
751031003,Enfants Rouges 3,7510310.0,Paris 3e Arrondissement,1927.10917820131,12.0,6.226943515053123,37.36299891108607
751103703,Saint-Vincent de Paul 3,7511037.0,Paris 10e Arrondissement,1944.80923364976,13.0,6.684460241688242,40.108197565570066
751114214,Saint-Ambroise 14,7511142.0,Paris 11e Arrondissement,1316.74484331148,20.0,15.188971577592834,91.13709272329523
751155703,Saint-Lambert 3,7511557.0,Paris 15e Arrondissement,3435.98977302617,20.0,5.820739094454711,34.92568511695776
751155712,Saint-Lambert 12,7511557.0,Paris 15e Arrondissement,1716.21560484001,16.0,9.322837966790052,55.939030755514565
751166113,Auteuil 13,7511661.0,Paris 16e Arrondissement,1750.88716295249,13.0,7.424807420529791,44.550439697687175
751207801,Saint-Fargeau 1,7512078.0,Paris 20e Arrondissement,3063.3047862673,10.0,3.2644482667313057,19.587390947152034
751155818,,,,,9.0,,
751072599,,,,,1.0,,
751104010,Hôpital Saint-Louis 10,7511040.0,Paris 10e Arrondissement,1816.36194019042,23.0,12.662674487436558,75.97876742286353
751145607,Plaisance 7,7511456.0,Paris 14e Arrondissement,3252.8006736985,14.0,4.303983368302036,25.824824894341386
751155910,Grenelle 10,7511559.0,Paris 15e Arrondissement,1946.95087980359,19.0,9.75884918160685,58.55519171876081
751207811,Saint-Fargeau 11,7512078.0,Paris 20e Arrondissement,1582.45432531254,26.0,16.43017405564923,98.58457425640222
751155733,,,,,14.0,,
751051803,Jardin des Plantes 3,7510518.0,Paris 5e Arrondissement,1915.31572524872,8.0,4.176857055231003,25.062039703603574
751135116,Maison Blanche 16,7511351.0,Paris 13e Arrondissement,2604.32764616011,21.0,8.063501545576633,48.38274166749855
751145619,Plaisance 19,7511456.0,Paris 14e Arrondissement,2040.43383146982,21.0,10.291928939872907,61.75378479728608
751176702,Batignolles 2,7511767.0,Paris 17e Arrondissement,2092.78209741297,12.0,5.733994004838829,34.40519594260998
751187025,Clignancourt 25,7511870.0,Paris 18e Arrondissement,1843.31027945216,17.0,9.222538489316339,55.33721234194239
751187207,Chapelle 7,7511872.0,Paris 18e Arrondissement,2393.05804719668,17.0,7.103881169917484,42.62481324496926
751083003,,,,,2.0,,
751010104,,,,,2.0,,
751020704,,,,,4.0,,
751083106,,,,,3.0,,
751103711,,,,,16.0,,
751051704,Saint-Victor 4,7510517.0,Paris 5e Arrondissement,2611.51558205729,10.0,3.8291940774568296,22.975987143691988
751093610,Rochechouart 10,7510936.0,Paris 9e Arrondissement,2203.26300736057,16.0,7.261956446664724,43.57329886696007
751124605,Picpus 5,7511246.0,Paris 12e Arrondissement,2175.58709403997,15.0,6.894690652050917,41.36962519446526
751135020,Gare 20,7511350.0,Paris 13e Arrondissement,3308.14183157405,21.0,6.347974503260028,38.08921084309581
751176609,Plaine Monceau 9,7511766.0,Paris 17e Arrondissement,2017.91614239027,10.0,4.95560731684061,29.734708582996728
751103806,Porte Saint-Denis 6,7511038.0,Paris 10e Arrondissement,3303.33260642822,16.0,4.843593396821233,29.062600997374155
751114411,Sainte-Marguerite 11,7511144.0,Paris 11e Arrondissement,4206.90976299948,15.0,3.565562573252145,21.394141478846006
751135019,Gare 19,7511350.0,Paris 13e Arrondissement,3292.28586241702,20.0,6.074806634596752,36.45014494266864
751155902,Grenelle 2,7511559.0,Paris 15e Arrondissement,1373.14031550534,17.0,12.380380801610722,74.28494465883495
751155905,Grenelle 5,7511559.0,Paris 15e Arrondissement,2307.69192663583,9.0,3.9000006439855537,23.400841755222523
751093403,,,,,1.0,,
751103710,,,,,15.0,,
751114311,Roquette 11,7511143.0,Paris 11e Arrondissement,1629.10824866956,13.0,7.979825779297771,47.880669092598254
751176805,Épinettes 5,7511768.0,Paris 17e Arrondissement,1657.73894986682,21.0,12.66785702398264,76.00986375557632
751197519,Amérique 19,7511975.0,Paris 19e Arrondissement,1462.36553985827,7.0,4.786764874586984,28.721617654707888
751207711,Belleville 11,7512077.0,Paris 20e Arrondissement,3132.85434987275,41.0,13.087106970569932,78.52545350838948
751155732,,,,,4.0,,
751041399,,,,,6.0,,
751051799,,,,,11.0,,
751124601,Picpus 1,7511246.0,Paris 12e Arrondissement,2996.17763078585,10.0,3.337585828440071,20.026232030562884
751135016,Gare 16,7511350.0,Paris 13e Arrondissement,1675.37978009403,14.0,8.356314291446358,50.13968105174625
751166207,Muette 7,7511662.0,Paris 16e Arrondissement,1184.37902550815,0.0,0.0,0.0
751051705,Saint-Victor 5,7510517.0,Paris 5e Arrondissement,1788.98386976001,9.0,5.030788791408912,30.185813582686986
751072502,Saint-Thomas d'Aquin 2,7510725.0,Paris 7e Arrondissement,1133.07617246547,2.0,1.7651063967289886,10.591017602698399
751072807,Gros Caillou 7,7510728.0,Paris 7e Arrondissement,1550.64759135467,8.0,5.159134831539044,30.9559173978303
751093309,Saint-Georges 9,7510933.0,Paris 9e Arrondissement,1872.11896632177,14.0,7.478157238856665,44.87055006953092
751124608,Picpus 8,7511246.0,Paris 12e Arrondissement,1865.62532032183,15.0,8.040199624548633,48.242925135055195
751134902,Salpêtrière 2,7511349.0,Paris 13e Arrondissement,2760.24771017086,20.0,7.24572650719163,43.475915743218174
751134903,Salpêtrière 3,7511349.0,Paris 13e Arrondissement,1689.93480862046,20.0,11.834776050519102,71.01119893243812
751135103,Maison Blanche 3,7511351.0,Paris 13e Arrondissement,2131.80276453795,26.0,12.196250250025019,73.18012178999676
751135109,Maison Blanche 9,7511351.0,Paris 13e Arrondissement,2444.18915657891,19.0,7.773539109630114,46.64290475516176
751135113,Maison Blanche 13,7511351.0,Paris 13e Arrondissement,2114.30902869461,19.0,8.98638739282627,53.92025502738178
751145616,Plaisance 16,7511456.0,Paris 14e Arrondissement,2458.10457378994,19.0,7.729532828908713,46.37885761635282
751155813,Necker 13,7511558.0,Paris 15e Arrondissement,1916.25363542495,11.0,5.740367452746217,34.44343799935065
751166208,Muette 8,7511662.0,Paris 16e Arrondissement,1784.03493681449,0.0,0.0,0.0
751197305,Villette 5,7511973.0,Paris 19e Arrondissement,2889.65794045783,28.0,9.689728188231078,58.14045090828308
751197501,Amérique 1,7511975.0,Paris 19e Arrondissement,2298.1268183987,13.0,5.6567809469532255,33.94190100654264
751197608,Combat 8,7511976.0,Paris 19e Arrondissement,2239.61169083148,25.0,11.162649356736695,66.97829436743024
751207705,Belleville 5,7512077.0,Paris 20e Arrondissement,1631.80665414927,28.0,17.158895589010566,100.0
751208023,Charonne 23,7512080.0,Paris 20e Arrondissement,1863.21951567161,26.0,13.95434074263017,83.729042460628
751135012,Gare 12,7511350.0,Paris 13e Arrondissement,2717.93500964362,16.0,5.88682214373402,35.322197610172985
751135031,Gare 31,7511350.0,Paris 13e Arrondissement,1948.77597749723,31.0,15.907421046831978,95.4479438932088
751166310,Porte Dauphine 10,7511663.0,Paris 16e Arrondissement,1256.22452260716,3.0,2.388108133547513,14.329161871726134
751176703,Batignolles 3,7511767.0,Paris 17e Arrondissement,1866.91656158955,16.0,8.570281248336622,51.42352876258117
751072507,,,,,2.0,,
751124707,,,,,7.0,,
751082907,,,,,0.0,,
751041601,Notre-Dame 1,7510416.0,Paris 4e Arrondissement,2112.02083204853,11.0,5.208281960614317,31.250810731242336
751072802,Gros Caillou 2,7510728.0,Paris 7e Arrondissement,1415.3955628454,3.0,2.1195488234886337,12.717748313046002
751124514,Bel-Air 14,7511245.0,Paris 12e Arrondissement,1743.51784105495,16.0,9.176849025140392,55.06306574078449
751134906,Salpêtrière 6,7511349.0,Paris 13e Arrondissement,2150.3519441459,7.0,3.255281080409531,19.532385859707414
751145602,Plaisance 2,7511456.0,Paris 14e Arrondissement,1309.69235499661,13.0,9.925995177725266,59.5581036057673
751166311,Porte Dauphine 11,7511663.0,Paris 16e Arrondissement,1258.58081632663,0.0,0.0,0.0
751197510,Amérique 10,7511975.0,Paris 19e Arrondissement,2004.43198490309,21.0,10.476783526788164,62.86295203365615
751197522,Amérique 22,7511975.0,Paris 19e Arrondissement,3104.62008543961,18.0,5.797810844688658,34.78811069236708
751207911,Père Lachaise 11,7512079.0,Paris 20e Arrondissement,2095.64297676216,30.0,14.315415522901246,85.8955687169648
751145625,,,,,22.0,,
751072808,Gros Caillou 8,7510728.0,Paris 7e Arrondissement,1193.11323760321,5.0,4.1907170605568576,25.145202713296154
751114306,Roquette 6,7511143.0,Paris 11e Arrondissement,2761.95704291268,22.0,7.965366462325363,47.79391008426791
751135111,Maison Blanche 11,7511351.0,Paris 13e Arrondissement,2193.07096382326,16.0,7.295705548947043,43.7758007314424
751155816,Necker 16,7511558.0,Paris 15e Arrondissement,1899.35962151982,6.0,3.1589594366542078,18.954435303058844
751176604,Plaine Monceau 4,7511766.0,Paris 17e Arrondissement,1885.50812615176,1.0,0.5303610131031131,3.182280023441817
751176711,Batignolles 11,7511767.0,Paris 17e Arrondissement,1901.81970750066,17.0,8.938807360631003,53.63476461193098
751197604,Combat 4,7511976.0,Paris 19e Arrondissement,2113.32929061302,30.0,14.19561075183783,85.17671435126127
751207812,Saint-Fargeau 12,7512078.0,Paris 20e Arrondissement,1703.3978843905,18.0,10.567114216207129,63.40495557716663
751207813,Saint-Fargeau 13,7512078.0,Paris 20e Arrondissement,1932.02906473027,18.0,9.316630028292549,55.901781790791894
751145403,Parc de Montsouris 3,7511454.0,Paris 14e Arrondissement,3490.94797369405,17.0,4.86973742608113,29.219470789818487
751155729,Saint-Lambert 29,7511557.0,Paris 15e Arrondissement,3015.17111748779,20.0,6.633122705375275,39.800161318136254
751197523,Amérique 23,7511975.0,Paris 19e Arrondissement,1815.81451727417,19.0,10.463623800365944,62.783990847836016
751062103,Monnaie 3,7510621.0,Paris 6e Arrondissement,1451.16487797834,4.0,2.7564062917320027,16.539029947442042
751072604,Invalides 4,7510726.0,Paris 7e Arrondissement,1074.73528712269,1.0,0.9304616792449671,5.582969979476431
751072803,Gros Caillou 3,7510728.0,Paris 7e Arrondissement,1260.9804525675,3.0,2.3791011144476175,14.275117822023741
751083001,Faubourg du Roule 1,7510830.0,Paris 8e Arrondissement,1879.69864575877,1.0,0.5320001704828246,3.1921153198830337
751103910,Porte Saint-Martin 10,7511039.0,Paris 10e Arrondissement,1983.55435853466,20.0,10.082909961073561,60.49962601803952
751114208,Saint-Ambroise 8,7511142.0,Paris 11e Arrondissement,1923.98623532737,13.0,6.756805096263085,40.542282235869095
751124621,Picpus 21,7511246.0,Paris 12e Arrondissement,2116.02234062661,21.0,9.924280853188604,59.54781729023518
751134907,Salpêtrière 7,7511349.0,Paris 13e Arrondissement,1808.90737310995,7.0,3.8697393266551314,23.219267349780857
751135015,Gare 15,7511350.0,Paris 13e Arrondissement,1881.49523343426,12.0,6.377906139095879,38.26880708874
751145306,Montparnasse 6,7511453.0,Paris 14e Arrondissement,1775.46368221131,9.0,5.069098337618853,30.415679090518566
751145508,Petit Montrouge 8,7511455.0,Paris 14e Arrondissement,3015.90528518127,12.0,3.9789047948429666,23.874283612441705
751155715,Saint-Lambert 15,7511557.0,Paris 15e Arrondissement,2861.58201278376,14.0,4.892398658314439,29.355443051845626
751155917,Grenelle 17,7511559.0,Paris 15e Arrondissement,2269.21021235865,8.0,3.5254556657775145,21.153491417274203
751176707,Batignolles 7,7511767.0,Paris 17e Arrondissement,1692.11837219483,10.0,5.909752038818123,35.45978190702546
751186904,Grandes Carrières 4,7511869.0,Paris 18e Arrondissement,2403.64260272288,14.0,5.824493202167662,34.94821056978257
751187002,Clignancourt 2,7511870.0,Paris 18e Arrondissement,2186.13902579286,16.0,7.318839200630062,43.91460761166423
751010102,,,,,4.0,,
751124677,,,,,0.0,,
751010101,Saint-Germain l'Auxerrois 1,7510101.0,Paris 1er Arrondissement,807.313387563944,2.0,2.477352699470239,14.86464844091219
751114201,Saint-Ambroise 1,7511142.0,Paris 11e Arrondissement,1603.81647986227,25.0,15.587818378164384,93.53025921652267
751155718,Saint-Lambert 18,7511557.0,Paris 15e Arrondissement,1725.18105809984,12.0,6.955791650771495,41.736244313964974
751155909,Grenelle 9,7511559.0,Paris 15e Arrondissement,1889.13112220076,13.0,6.881470453387871,41.290301162208074
751176615,Plaine Monceau 15,7511766.0,Paris 17e Arrondissement,3161.84180901975,10.0,3.1627135713978842,18.976960918073814
751186919,Grandes Carrières 19,7511869.0,Paris 18e Arrondissement,3545.41011011168,30.0,8.461644511713486,50.77168500290327
751051706,,,,,9.0,,
751072707,,,,,0.0,,
751082903,,,,,2.0,,
751134999,,,,,5.0,,
751020804,Bonne Nouvelle 4,7510208.0,Paris 2e Arrondissement,1607.75299046374,10.0,6.219860923484025,37.32050184001996
751072701,École Militaire 1,7510727.0,Paris 7e Arrondissement,2291.04788739328,6.0,2.618888951652037,15.713896362201968
751124510,Bel-Air 10,7511245.0,Paris 12e Arrondissement,1956.39923737879,10.0,5.111431148070848,30.6696850481762
751135017,Gare 17,7511350.0,Paris 13e Arrondissement,825.443903305546,7.0,8.480285543291345,50.88353519728216
751156019,Javel 19,7511560.0,Paris 15e Arrondissement,3366.40111141456,17.0,5.049903275743813,30.30050459532656
751166219,Muette 19,7511662.0,Paris 16e Arrondissement,2440.96448897043,5.0,2.048370643076803,12.290663938377858
751176701,Batignolles 1,7511767.0,Paris 17e Arrondissement,2003.51285499201,17.0,8.485096543125398,50.9124022299004
751186926,Grandes Carrières 26,7511869.0,Paris 18e Arrondissement,1972.23714197569,17.0,8.619653102653892,51.71977049572604
751124807,Quinze-Vingts 7,7511248.0,Paris 12e Arrondissement,2734.11488515406,13.0,4.754738021649549,28.52944965630961
751155806,Necker 6,7511558.0,Paris 15e Arrondissement,2795.30780027891,16.0,5.723877706205934,34.34449597738766
751155903,Grenelle 3,7511559.0,Paris 15e Arrondissement,1972.8967980494,8.0,4.054951078996928,24.33057765544498
751166130,Auteuil 30,7511661.0,Paris 16e Arrondissement,1685.2687058966,4.0,2.3735087384014006,14.241562364258616
751166301,Porte Dauphine 1,7511663.0,Paris 16e Arrondissement,1844.01608338526,7.0,3.796062335394246,22.777189573164144
751083103,,,,,4.0,,
751010301,Palais Royal 1,7510103.0,Paris 1er Arrondissement,2425.01199699113,6.0,2.47421456365766,14.845818951827413
751062102,Monnaie 2,7510621.0,Paris 6e Arrondissement,1671.2305847518,4.0,2.3934459053680217,14.361189649436849
751062303,Notre-Dame des Champs 3,7510623.0,Paris 6e Arrondissement,1727.32328486369,8.0,4.631443384167262,27.78965534231636
751114409,Sainte-Marguerite 9,7511144.0,Paris 11e Arrondissement,2894.53153319125,15.0,5.182185727810105,31.094227727800888
751124503,Bel-Air 3,7511245.0,Paris 12e Arrondissement,2266.91034015064,13.0,5.734677622554815,34.409297795776986
751156009,Javel 9,7511560.0,Paris 15e Arrondissement,1435.12214404907,10.0,6.968048010036196,41.80978510275708
751166403,Chaillot 3,7511664.0,Paris 16e Arrondissement,2173.70950911622,7.0,3.220301503325547,19.322500882055103
751186925,Grandes Carrières 25,7511869.0,Paris 18e Arrondissement,2424.65546483496,26.0,10.723172993887506,64.34134177152376
751187012,Clignancourt 12,7511870.0,Paris 18e Arrondissement,2226.36715860243,21.0,9.432406473864107,56.59646533808318
751187108,Goutte d'Or 8,7511871.0,Paris 18e Arrondissement,1760.4087203686,27.0,15.33734733735394,92.02737915948727
751207802,Saint-Fargeau 2,7512078.0,Paris 20e Arrondissement,3175.77292228824,18.0,5.667911541682413,34.00868696625804
751093407,,,,,11.0,,
751051809,,,,,3.0,,
751051902,Val de Grâce 2,7510519.0,Paris 5e Arrondissement,1634.15598795553,8.0,4.895493489583384,29.374012704364876
751052004,Sorbonne 4,7510520.0,Paris 5e Arrondissement,2784.07251231461,8.0,2.8734883752539173,17.2415476029438
751093303,Saint-Georges 3,7510933.0,Paris 9e Arrondissement,1739.23969539127,7.0,4.024747145864352,24.149347567519037
751103706,Saint-Vincent de Paul 6,7511037.0,Paris 10e Arrondissement,2264.34499034109,12.0,5.2995458073693875,31.798413419252604
751103909,Porte Saint-Martin 9,7511039.0,Paris 10e Arrondissement,1724.90924450797,21.0,12.174553569622873,73.04993704618467
751114114,Folie Méricourt 14,7511141.0,Paris 11e Arrondissement,1207.4519009294,22.0,18.220187473361182,100.0
751114313,Roquette 13,7511143.0,Paris 11e Arrondissement,1819.77933587714,10.0,5.49517175123871,32.9722111115073
751114318,Roquette 18,7511143.0,Paris 11e Arrondissement,1945.54523720353,23.0,11.821878803013355,70.93381267650881
751124705,Bercy 5,7511247.0,Paris 12e Arrondissement,2962.34941423023,5.0,1.6878495075501603,10.127459669454831
751166106,Auteuil 6,7511661.0,Paris 16e Arrondissement,2588.04076287964,14.0,5.409497485821125,32.45814711240933
751176804,Épinettes 4,7511768.0,Paris 17e Arrondissement,2114.02381378849,24.0,11.352757638519781,68.11898490173152
751186915,Grandes Carrières 15,7511869.0,Paris 18e Arrondissement,1795.95236303024,23.0,12.806575760836441,76.84220597957217
751207704,Belleville 4,7512077.0,Paris 20e Arrondissement,1756.28101027755,39.0,22.206013600202123,100.0
